"","title","description","url","date"
"1","FDA approves lisocabtagene maraleucel for relapsed or refractory marginal zone lymphoma","On December 4, 2025, the Food and Drug Administration approved lisocabtagene maraleucel (Breyanzi, Juno Therapeutics, Inc., a Bristol-Myers Squibb Company) for adults with relapsed or refractory marginal zone lymphoma (MZL) who have received at least two prior lines of systemic therapy","https://www.fda.gov/drugs/resources-information-approved-drugs/fda-approves-lisocabtagene-maraleucel-relapsed-or-refractory-marginal-zone-lymphoma","12/4/2025"
"2","FDA grants traditional approval to pirtobrutinib for chronic lymphocytic leukemia and small lymphocytic lymphoma","On December 3, 2025, the Food and Drug Administration granted traditional approval to pirtobrutinib (Jaypirca, Eli Lilly and Company) for adults with relapsed or refractory chronic lymphocytic leukemia or small lymphocytic lymphoma (CLL/SLL) who have previously been treated with a covalent BTK inhibitor. In 2023, FDA granted accelerated approval to pirtobrutinib for adults with CLL/SLL who have received at least two prior lines of therapy, including a BTK inhibitor and a BCL-2 inhibitor.","https://www.fda.gov/drugs/resources-information-approved-drugs/fda-grants-traditional-approval-pirtobrutinib-chronic-lymphocytic-leukemia-and-small-lymphocytic","12/3/2025"
"3","FDA approves durvalumab for resectable gastric or gastroesophageal junction adenocarcinoma","On November 25, 2025, the Food and Drug Administration approved durvalumab (Imfinzi, AstraZeneca) with fluorouracil, leucovorin, oxaliplatin, and docetaxel (FLOT) chemotherapy as neoadjuvant and adjuvant treatment, followed by single agent durvalumab, for adults with resectable gastric or gastroesophageal junction adenocarcinoma (GC/GEJC).","https://www.fda.gov/drugs/resources-information-approved-drugs/fda-approves-durvalumab-resectable-gastric-or-gastroesophageal-junction-adenocarcinoma","11/25/2025"
"4","FDA approves pembrolizumab with enfortumab vedotin-ejfv for muscle invasive bladder cancer","On November 21, 2025, the Food and Drug Administration approved pembrolizumab (Keytruda, Merck) or pembrolizumab and berahyaluronidase alfa-pmph (Keytruda Qlex, Merck) with enfortumab vedotin-ejfv (Padcev, Astellas Pharma) as neoadjuvant treatment followed by adjuvant treatment after cystectomy for adults with muscle invasive bladder cancer (MIBC) who are ineligible for cisplatin.","https://www.fda.gov/drugs/resources-information-approved-drugs/fda-approves-pembrolizumab-enfortumab-vedotin-ejfv-muscle-invasive-bladder-cancer","11/21/2025"
"5","FDA grants traditional approval to tarlatamab-dlle for extensive stage small cell lung cancer","On November 19, 2025, the Food and Drug Administration granted traditional approval to tarlatamab-dlle (Imdelltra, Amgen Inc.) for adults with extensive stage small cell lung cancer (ES-SCLC) with disease progression on or after platinum-based chemotherapy. Tarlatamab-dlle received accelerated approval for this indication in 2024.","https://www.fda.gov/drugs/resources-information-approved-drugs/fda-grants-traditional-approval-tarlatamab-dlle-extensive-stage-small-cell-lung-cancer","11/19/2025"
"6","FDA grants accelerated approval to sevabertinib for non-squamous non-small cell lung cancer","On November 19, 2025, the Food and Drug Administration granted accelerated approval to sevabertinib (Hyrnuo, Bayer HealthCare Pharmaceuticals Inc.), a kinase inhibitor, for adults with locally advanced or metastatic, non-squamous non-small cell lung cancer (NSCLC) whose tumors have HER2 (ERBB2) tyrosine kinase domain (TKD) activating mutations, as detected by an FDA-approved test, and who have received a prior systemic therapy.","https://www.fda.gov/drugs/resources-information-approved-drugs/fda-grants-accelerated-approval-sevabertinib-non-squamous-non-small-cell-lung-cancer","11/19/2025"
"7","FDA grants traditional approval to daratumumab and hyaluronidase-fihj for newly diagnosed light chain amyloidosis","On November 19, 2025, the Food and Drug Administration granted traditional approval to daratumumab and hyaluronidase-fihj (Darzalex Faspro, Janssen Biotech Inc.) with bortezomib, cyclophosphamide, and dexamethasone (VCd) for newly diagnosed light chain (AL) amyloidosis. FDA granted accelerated approval for this indication in 2021.","https://www.fda.gov/drugs/resources-information-approved-drugs/fda-grants-traditional-approval-daratumumab-and-hyaluronidase-fihj-newly-diagnosed-light-chain","11/19/2025"
"8","FDA approves selumetinib for adults with neurofibromatosis type 1 with symptomatic, inoperable plexiform neurofibromas","On November 19, 2025, the Food and Drug Administration approved selumetinib (KOSELUGO, AstraZeneca Pharmaceuticals LP) for adults with neurofibromatosis type 1 (NF1) who have symptomatic, inoperable plexiform neurofibromas (PN). FDA previously approved selumetinib capsules and granules for pediatric patients 1 year of age and older for this indication.","https://www.fda.gov/drugs/resources-information-approved-drugs/fda-approves-selumetinib-adults-neurofibromatosis-type-1-symptomatic-inoperable-plexiform","11/19/2025"
"9","FDA approves epcoritamab-bysp for follicular lymphoma indications","On November 18, 2025, the Food and Drug Administration approved epcoritamab-bysp (Epkinly, Genmab US, Inc.) with lenalidomide and rituximab for relapsed or refractory follicular lymphoma (FL). The FDA also granted traditional approval to epcoritamab-bysp as monotherapy for relapsed or refractory FL after two or more lines of systemic therapy (epcoritamab-bysp was granted accelerated approval for this indication in 2024). ","https://www.fda.gov/drugs/resources-information-approved-drugs/fda-approves-epcoritamab-bysp-follicular-lymphoma-indications","11/18/2025"
"10","FDA approves new interchangeable biosimilar to Perjeta","On November 13, 2025, the Food and Drug Administration approved Poherdy (pertuzumab-dpzb, Shanghai Henlius Biologics Co. Ltd.) as an interchangeable biosimilar to Perjeta (pertuzumab, Genentech Inc.). This is the first approval of a biosimilar for Perjeta.","https://www.fda.gov/drugs/resources-information-approved-drugs/fda-approves-new-interchangeable-biosimilar-perjeta","11/13/2025"
"11","FDA approves ziftomenib for relapsed or refractory acute myeloid leukemia with a NPM1 mutation","On November 13, 2025, the Food and Drug Administration approved ziftomenib (Komzifti, Kura Oncology, Inc.), a menin inhibitor, for adults with relapsed or refractory acute myeloid leukemia (AML) with a susceptible nucleophosmin 1 (NPM1) mutation who have no satisfactory alternative treatment options.","https://www.fda.gov/drugs/resources-information-approved-drugs/fda-approves-ziftomenib-relapsed-or-refractory-acute-myeloid-leukemia-npm1-mutation","11/13/2025"
"12","FDA approves daratumumab and hyaluronidase-fihj for high-risk smoldering multiple myeloma","On November 6, 2025, the Food and Drug Administration approved daratumumab and hyaluronidase-fihj (Darzalex Faspro, Janssen Biotech, Inc.) for adults with high-risk smoldering multiple myeloma (SMM).","https://www.fda.gov/drugs/resources-information-approved-drugs/fda-approves-daratumumab-and-hyaluronidase-fihj-high-risk-smoldering-multiple-myeloma","11/6/2025"
"13","FDA approves revumenib for relapsed or refractory acute myeloid leukemia with a susceptible NPM1 mutation","On October 24, 2025, the Food and Drug Administration approved revumenib (Revuforj, Syndax Pharmaceuticals, Inc.), a menin inhibitor, for relapsed or refractory acute myeloid leukemia with a susceptible nucleophosmin 1 (NPM1) mutation in adult and pediatric patients 1 year and older who have no satisfactory alternative treatment options.","https://www.fda.gov/drugs/resources-information-approved-drugs/fda-approves-revumenib-relapsed-or-refractory-acute-myeloid-leukemia-susceptible-npm1-mutation","10/24/2025"
"14","FDA approves belantamab mafodotin-blmf for relapsed or refractory multiple myeloma","On October 23, 2025, the Food and Drug Administration approved belantamab mafodotin-blmf (Blenrep, GlaxoSmithKline), a B-cell maturation antigen (BCMA)-directed antibody and microtubule inhibitor conjugate, with bortezomib and dexamethasone for adults with relapsed or refractory multiple myeloma who have received at least two prior lines of therapy, including a proteasome inhibitor and an immunomodulatory agent.","https://www.fda.gov/drugs/resources-information-approved-drugs/fda-approves-belantamab-mafodotin-blmf-relapsed-or-refractory-multiple-myeloma","10/23/2025"
"15","FDA approves cemiplimab-rwlc for adjuvant treatment of cutaneous squamous cell carcinoma","On October 8, 2025, the Food and Drug Administration approved cemiplimab-rwlc (Libtayo, Regeneron Pharmaceuticals Inc.) for the adjuvant treatment of adults with cutaneous squamous cell carcinoma (CSCC) at high risk of recurrence after surgery and radiation.","https://www.fda.gov/drugs/resources-information-approved-drugs/fda-approves-cemiplimab-rwlc-adjuvant-treatment-cutaneous-squamous-cell-carcinoma","10/8/2025"
"16","FDA approves lurbinectedin in combination with atezolizumab or atezolizumab and hyaluronidase-tqjs for extensive-stage small cell lung cancer","On October 2, 2025, the Food and Drug Administration approved lurbinectedin (Zepzelca, Jazz Pharmaceuticals, Inc.) in combination with atezolizumab (Tecentriq, Genentech Inc.) or atezolizumab and hyaluronidase-tqjs (Tecentriq Hybreza, Genentech Inc.) for the maintenance treatment of adult patients with extensive-stage small cell lung cancer (ES-SCLC) whose disease has not progressed after first-line induction therapy with atezolizumab or atezolizumab and hyaluronidase-tqjs, carboplatin, and etoposide.","https://www.fda.gov/drugs/resources-information-approved-drugs/fda-approves-lurbinectedin-combination-atezolizumab-or-atezolizumab-and-hyaluronidase-tqjs-extensive","10/2/2025"
"17","FDA approves imlunestrant for ER-positive, HER2-negative, ESR1-mutated advanced or metastatic breast cancer","On September 25, 2025, the Food and Drug Administration approved imlunestrant (Inluriyo, Eli Lilly and Company), an estrogen receptor antagonist, for adults with estrogen receptor (ER)-positive, human epidermal growth factor 2 (HER2)-negative, estrogen receptor-1 (ESR1)-mutated advanced or metastatic breast cancer with disease progression following at least one line of endocrine therapy.","https://www.fda.gov/drugs/resources-information-approved-drugs/fda-approves-imlunestrant-er-positive-her2-negative-esr1-mutated-advanced-or-metastatic-breast","9/25/2025"
"18","FDA approves pembrolizumab and berahyaluronidase alfa-pmph for subcutaneous injection","On September 19, 2025, the Food and Drug Administration approved pembrolizumab and berahyaluronidase alfa-pmph (Keytruda Qlex, Merck) for subcutaneous injection for adult and pediatric (12 years and older) solid tumor indications approved for the intravenous formulation of pembrolizumab (Keytruda, Merck). See the prescribing information for the specific indications.","https://www.fda.gov/drugs/resources-information-approved-drugs/fda-approves-pembrolizumab-and-berahyaluronidase-alfa-pmph-subcutaneous-injection","9/19/2025"
"19","FDA approves selumetinib for pediatric patients 1 year of age and older with neurofibromatosis type 1 with symptomatic, inoperable plexiform neurofibromas","On September 10, 2025, the Food and Drug Administration approved selumetinib (KOSELUGO, AstraZeneca Pharmaceuticals LP) granules and capsules for pediatric patients 1 year of age and older with neurofibromatosis type 1 (NF1) who have symptomatic, inoperable plexiform neurofibromas (PN). FDA previously approved selumetinib capsules for pediatric patients 2 years of age and older with NF1 who have symptomatic, inoperable PN.","https://www.fda.gov/drugs/resources-information-approved-drugs/fda-approves-selumetinib-pediatric-patients-1-year-age-and-older-neurofibromatosis-type-1","9/10/2025"
"20","FDA approves gemcitabine intravesical system for non-muscle invasive bladder cancer","On September 9, 2025, the Food and Drug Administration approved gemcitabine intravesical system (Inlexzo, Janssen Biotech, Inc.) for adults with Bacillus Calmette-Guérin (BCG)-unresponsive non-muscle invasive bladder cancer (NMIBC) with carcinoma in situ (CIS) with or without papillary tumors. Gemcitabine intravesical system is co-packaged with a urinary catheter and stylet used for insertion through the urinary catheter into the bladder.","https://www.fda.gov/drugs/resources-information-approved-drugs/fda-approves-gemcitabine-intravesical-system-non-muscle-invasive-bladder-cancer","9/9/2025"
"21","FDA grants accelerated approval to zongertinib for non-squamous NSCLC with HER2 TKD activating mutations","On August 8, 2025, the Food and Drug Administration granted accelerated approval to zongertinib (Hernexeos, Boehringer Ingelheim Pharmaceuticals, Inc.), a kinase inhibitor, for adults with unresectable or metastatic non-squamous non-small cell lung cancer (NSCLC) whose tumors have HER2 (ERBB2) tyrosine kinase domain (TKD) activating mutations, as detected by an FDA-approved test, and who have received prior systemic therapy.","https://www.fda.gov/drugs/resources-information-approved-drugs/fda-grants-accelerated-approval-zongertinib-non-squamous-nsclc-her2-tkd-activating-mutations","8/8/2025"
"22","FDA grants accelerated approval to dordaviprone for diffuse midline glioma","On August 6, 2025, the Food and Drug Administration granted accelerated approval to dordaviprone (Modeyso, Jazz Pharmaceuticals, Inc.), a protease activator, for adult and pediatric patients 1 year of age and older with diffuse midline glioma harboring an H3 K27M mutation with progressive disease following prior therapy.","https://www.fda.gov/drugs/resources-information-approved-drugs/fda-grants-accelerated-approval-dordaviprone-diffuse-midline-glioma","8/6/2025"
"23","FDA grants accelerated approval to sunvozertinib for metastatic non-small cell lung cancer with EGFR exon 20 insertion mutations","On July 2, 2025, the Food and Drug Administration granted accelerated approval to sunvozertinib (Zegfrovy, Dizal (Jiangsu) Pharmaceutical Co., Ltd.) for adult patients with locally advanced or metastatic non-small cell lung cancer (NSCLC) with epidermal growth factor receptor (EGFR) exon 20 insertion mutations, as detected by an FDA-approved test, whose disease has progressed on or after platinum-based chemotherapy.","https://www.fda.gov/drugs/resources-information-approved-drugs/fda-grants-accelerated-approval-sunvozertinib-metastatic-non-small-cell-lung-cancer-egfr-exon-20","7/2/2025"
"24","FDA grants accelerated approval to linvoseltamab-gcpt for relapsed or refractory multiple myeloma","On July 2, 2025, the Food and Drug Administration granted accelerated approval to linvoseltamab-gcpt (Lynozyfic, Regeneron Pharmaceuticals, Inc.), a bispecific B-cell maturation antigen (BCMA)-directed CD3 T-cell engager, for adults with relapsed or refractory multiple myeloma who have received at least four prior lines of therapy, including a proteasome inhibitor (PI), an immunomodulatory agent (IMiD), and an anti-CD38 monoclonal antibody.","https://www.fda.gov/drugs/resources-information-approved-drugs/fda-grants-accelerated-approval-linvoseltamab-gcpt-relapsed-or-refractory-multiple-myeloma","7/2/2025"
"25","FDA grants accelerated approval to datopotamab deruxtecan-dlnk for EGFR-mutated non-small cell lung cancer","On June 23, 2025, the Food and Drug Administration granted accelerated approval to datopotamab deruxtecan-dlnk (Datroway, Daiichi Sankyo, Inc.) for adults with locally advanced or metastatic epidermal growth factor receptor (EGFR)-mutated non-small cell lung cancer (NSCLC) who have received prior EGFR-directed therapy and platinum-based chemotherapy.","https://www.fda.gov/drugs/resources-information-approved-drugs/fda-grants-accelerated-approval-datopotamab-deruxtecan-dlnk-egfr-mutated-non-small-cell-lung-cancer","6/23/2025"
"26","FDA approves tafasitamab-cxix for relapsed or refractory follicular lymphoma","On June 18, 2025, the Food and Drug Administration approved tafasitamab-cxix (Monjuvi, Incyte Corporation) with lenalidomide and rituximab for adults with relapsed or refractory follicular lymphoma (FL). ","https://www.fda.gov/drugs/resources-information-approved-drugs/fda-approves-tafasitamab-cxix-relapsed-or-refractory-follicular-lymphoma","6/18/2025"
"27","FDA approves neoadjuvant and adjuvant pembrolizumab for resectable locally advanced head and neck squamous cell carcinoma","On June 12, 2025, the Food and Drug Administration approved pembrolizumab (Keytruda, Merck) for adults with resectable locally advanced head and neck squamous cell carcinoma (HNSCC) whose tumors express PD-L1 [Combined Positive Score (CPS) ≥1] as determined by an FDA-approved test, as a single agent as neoadjuvant treatment, continued as adjuvant treatment in combination with radiotherapy (RT) with or without cisplatin after surgery, and then as a single agent.","https://www.fda.gov/drugs/resources-information-approved-drugs/fda-approves-neoadjuvant-and-adjuvant-pembrolizumab-resectable-locally-advanced-head-and-neck","6/12/2025"
"28","FDA approves mitomycin intravesical solution for recurrent low-grade intermediate-risk non-muscle invasive bladder cancer","On June 12, 2025, the Food and Drug Administration approved mitomycin intravesical solution (Zusduri, UroGen Pharma) for adult patients with recurrent low-grade intermediate-risk non-muscle invasive bladder cancer (LG-IR-NMIBC).","https://www.fda.gov/drugs/resources-information-approved-drugs/fda-approves-mitomycin-intravesical-solution-recurrent-low-grade-intermediate-risk-non-muscle","6/12/2025"
"29","FDA approves taletrectinib for ROS1-positive non-small cell lung cancer","On June 11, 2025, the Food and Drug Administration approved taletrectinib (Ibtrozi, Nuvation Bio Inc.), a kinase inhibitor, for adults with locally advanced or metastatic ROS1-positive non-small cell lung cancer (NSCLC).","https://www.fda.gov/drugs/resources-information-approved-drugs/fda-approves-taletrectinib-ros1-positive-non-small-cell-lung-cancer","6/11/2025"
"30","FDA approves darolutamide for metastatic castration-sensitive prostate cancer","On June 3, 2025, the Food and Drug Administration (FDA) approved darolutamide (Nubeqa, Bayer Healthcare Pharmaceuticals Inc.) for metastatic castration-sensitive prostate cancer (mCSPC). The FDA previously approved darolutamide in combination with docetaxel for mCSPC.","https://www.fda.gov/drugs/resources-information-approved-drugs/fda-approves-darolutamide-metastatic-castration-sensitive-prostate-cancer","6/3/2025"
"31","FDA approves retifanlimab-dlwr with carboplatin and paclitaxel and as a single agent for squamous cell carcinoma of the anal canal","On May 15, 2025, the Food and Drug Administration approved retifanlimab-dlwr (Zynyz, Incyte Corporation) with carboplatin and paclitaxel for the first-line treatment of adults with inoperable locally recurrent or metastatic squamous cell carcinoma of the anal canal (SCAC). The FDA also approved retifanlimab-dlwr, as a single agent, for adults with locally recurrent or metastatic SCAC with disease progression on or intolerance to platinum-based chemotherapy.","https://www.fda.gov/drugs/resources-information-approved-drugs/fda-approves-retifanlimab-dlwr-carboplatin-and-paclitaxel-and-single-agent-squamous-cell-carcinoma","5/15/2025"
"32","FDA grants accelerated approval to telisotuzumab vedotin-tllv for NSCLC with high c-Met protein overexpression ","On May 14, 2025, the Food and Drug Administration granted accelerated approval to telisotuzumab vedotin-tllv (Emrelis, AbbVie Inc.), a c-Met-directed antibody and microtubule inhibitor conjugate, for adults with locally advanced or metastatic, non-squamous non-small cell lung cancer (NSCLC) with high c-Met protein overexpression [≥50% of tumor cells with strong (3+) staining], as determined by an FDA-approved test, who have received a prior systemic therapy.","https://www.fda.gov/drugs/resources-information-approved-drugs/fda-grants-accelerated-approval-telisotuzumab-vedotin-tllv-nsclc-high-c-met-protein-overexpression","5/14/2025"
"33","FDA approves belzutifan for pheochromocytoma or paraganglioma","On May 14, 2025, the Food and Drug Administration approved belzutifan (Welireg, Merck & Co., Inc.) for adult and pediatric patients 12 years and older with locally advanced, unresectable, or metastatic pheochromocytoma or paraganglioma (PPGL). This represents the first FDA approval of an oral therapy for PPGL.","https://www.fda.gov/drugs/resources-information-approved-drugs/fda-approves-belzutifan-pheochromocytoma-or-paraganglioma","5/14/2025"
"34","FDA grants accelerated approval to the combination of avutometinib and defactinib for KRAS-mutated recurrent low-grade serous ovarian cancer","On May 8, 2025, the Food and Drug Administration granted accelerated approval to the combination of avutometinib and defactinib (Avmapki Fakzynja Co-pack, Verastem, Inc.) for adult patients with KRAS-mutated recurrent low-grade serous ovarian cancer (LGSOC) who have received prior systemic therapy.","https://www.fda.gov/drugs/resources-information-approved-drugs/fda-grants-accelerated-approval-combination-avutometinib-and-defactinib-kras-mutated-recurrent-low","5/8/2025"
"35","FDA approves penpulimab-kcqx for non-keratinizing nasopharyngeal carcinoma","On April 23, 2025, the Food and Drug Administration approved penpulimab-kcqx (Akeso Biopharma Co., Ltd.) with cisplatin or carboplatin and gemcitabine for the first-line treatment of adults with recurrent or metastatic non-keratinizing nasopharyngeal carcinoma (NPC).","https://www.fda.gov/drugs/resources-information-approved-drugs/fda-approves-penpulimab-kcqx-non-keratinizing-nasopharyngeal-carcinoma","4/23/2025"
"36","FDA approves nivolumab with ipilimumab for unresectable or metastatic hepatocellular carcinoma","On April 11, 2025, the Food and Drug Administration approved nivolumab (Opdivo, Bristol Myers Squibb Company) with ipilimumab (Yervoy, Bristol Myers Squibb Company) for the first-line treatment of adult patients with unresectable or metastatic hepatocellular carcinoma (HCC).","https://www.fda.gov/drugs/resources-information-approved-drugs/fda-approves-nivolumab-ipilimumab-unresectable-or-metastatic-hepatocellular-carcinoma","4/11/2025"
"37","FDA approves nivolumab with ipilimumab for unresectable or metastatic MSI-H or dMMR colorectal cancer","On April 8, 2025, the Food and Drug Administration approved nivolumab (Opdivo, Bristol Myers Squibb Company) with ipilimumab (Yervoy, Bristol Myers Squibb Company) for adult and pediatric patients 12 years of age and older with unresectable or metastatic microsatellite instability-high (MSI-H) or mismatch repair deficient (dMMR) colorectal cancer (CRC). The FDA also converted the accelerated approval to regular approval for single agent nivolumab for adult and pediatric patients 12 years of age and older with MSI-H or dMMR metastatic CRC, that has progressed following fluoropyrimidine, oxaliplatin, and irinotecan.","https://www.fda.gov/drugs/resources-information-approved-drugs/fda-approves-nivolumab-ipilimumab-unresectable-or-metastatic-msi-h-or-dmmr-colorectal-cancer","4/08/2025"
"38","FDA approves durvalumab for muscle invasive bladder cancer","On March 28, 2025, the Food and Drug Administration approved durvalumab (Imfinzi, AstraZeneca) with gemcitabine and cisplatin as neoadjuvant treatment, followed by single agent durvalumab as adjuvant treatment following radical cystectomy, for adults with muscle invasive bladder cancer (MIBC).","https://www.fda.gov/drugs/resources-information-approved-drugs/fda-approves-durvalumab-muscle-invasive-bladder-cancer","3/28/2025"
"39","FDA expands Pluvicto’s metastatic castration-resistant prostate cancer indication","On March 28, 2025, the Food and Drug Administration expanded the indication for lutetium Lu 177 vipivotide tetraxetan (Pluvicto, Novartis Pharmaceuticals Corporation) to include adults with prostate-specific membrane antigen (PSMA)-positive metastatic castration-resistant prostate cancer (mCRPC) who have been treated with androgen receptor pathway inhibitor (ARPI) therapy and are considered appropriate to delay taxane-based chemotherapy.","https://www.fda.gov/drugs/resources-information-approved-drugs/fda-expands-pluvictos-metastatic-castration-resistant-prostate-cancer-indication","3/28/2025"
"40","FDA approves cabozantinib for adults and pediatric patients 12 years of age and older with pNET and epNET ","On March 26, 2025, the Food and Drug Administration approved cabozantinib (Cabometyx, Exelixis, Inc.) for adult and pediatric patients 12 years of age and older with previously treated, unresectable, locally advanced or metastatic, well-differentiated pancreatic neuroendocrine tumors (pNET) and well-differentiated extra-pancreatic neuroendocrine tumors (epNET). ","https://www.fda.gov/drugs/resources-information-approved-drugs/fda-approves-cabozantinib-adults-and-pediatric-patients-12-years-age-and-older-pnet-and-epnet","3/26/2025"
"41","FDA approves pembrolizumab for HER2 positive gastric or gastroesophageal junction adenocarcinoma expressing PD-L1 (CPS ≥1)","On March 19, 2025, the Food and Drug Administration granted traditional approval to pembrolizumab (Keytruda, Merck) with trastuzumab, fluoropyrimidine- and platinum-containing chemotherapy for the first-line treatment of adults with locally advanced unresectable or metastatic HER2-positive gastric or gastroesophageal junction (GEJ) adenocarcinoma whose tumors express PD-L1 (CPS ≥1).","https://www.fda.gov/drugs/resources-information-approved-drugs/fda-approves-pembrolizumab-her2-positive-gastric-or-gastroesophageal-junction-adenocarcinoma","3/19/2025"
"42","FDA approves vimseltinib for symptomatic tenosynovial giant cell tumor","On February 14, 2025, the Food and Drug Administration approved vimseltinib (Romvimza, Deciphera Pharmaceuticals, LLC), a kinase inhibitor, for adult patients with symptomatic tenosynovial giant cell tumor (TGCT) for which surgical resection will potentially cause worsening functional limitation or severe morbidity.","https://www.fda.gov/drugs/resources-information-approved-drugs/fda-approves-vimseltinib-symptomatic-tenosynovial-giant-cell-tumor","2/14/2025"
"43","FDA approves brentuximab vedotin with lenalidomide and rituximab for relapsed or refractory large B-cell lymphoma","On February 11, 2025, the Food and Drug Administration approved brentuximab vedotin (Adcetris, Seagen Inc., a subsidiary of Pfizer) in combination with lenalidomide and a rituximab product for adult patients with relapsed or refractory large B-cell lymphoma (LBCL), including diffuse large B-cell lymphoma (DLBCL) not otherwise specified (NOS), DLBCL arising from indolent lymphoma, or high-grade B-cell lymphoma (HGBL), after two or more lines of systemic therapy who are ineligible for autologous hematopoietic stem cell transplantation (auto-HSCT) or CAR T-cell therapy.","https://www.fda.gov/drugs/resources-information-approved-drugs/fda-approves-brentuximab-vedotin-lenalidomide-and-rituximab-relapsed-or-refractory-large-b-cell","2/12/2025"
"44","FDA approves mirdametinib for adult and pediatric patients with neurofibromatosis type 1 who have symptomatic plexiform neurofibromas not amenable to complete resection","On February 11, 2025, the Food and Drug Administration approved mirdametinib (Gomekli, SpringWorks Therapeutics, Inc.), a kinase inhibitor, for adult and pediatric patients 2 years of age and older with neurofibromatosis type 1 (NF1) who have symptomatic plexiform neurofibromas (PN) not amenable to complete resection.","https://www.fda.gov/drugs/resources-information-approved-drugs/fda-approves-mirdametinib-adult-and-pediatric-patients-neurofibromatosis-type-1-who-have-symptomatic","2/11/2025"
"45","FDA approves treosulfan with fludarabine as a preparative regimen for alloHSCT in adult and pediatric patients with AML or MDS","On January 21, 2025, the Food and Drug Administration approved treosulfan (Grafapex, medac GmbH), an alkylating agent, with fludarabine as a preparative regimen for allogeneic hematopoietic stem cell transplantation (alloHSCT) in adult and pediatric patients 1 year of age and older with acute myeloid leukemia (AML) or myelodysplastic syndrome (MDS).","https://www.fda.gov/drugs/resources-information-approved-drugs/fda-approves-treosulfan-fludarabine-preparative-regimen-allohsct-adult-and-pediatric-patients-aml-or","2/06/2025"
"46","FDA approves fam-trastuzumab deruxtecan-nxki for unresectable or metastatic HR-positive, HER2-low or HER2-ultralow breast cancer","On January 27, 2025, the Food and Drug Administration approved fam-trastuzumab deruxtecan-nxki (Enhertu, Daiichi Sankyo, Inc.) for unresectable or metastatic hormone receptor (HR)-positive, HER2-low (IHC 1+ or IHC 2+/ISH-) or HER2-ultralow (IHC 0 with membrane staining) breast cancer, as determined by an FDA-approved test, that has progressed on one or more endocrine therapies in the metastatic setting.","https://www.fda.gov/drugs/resources-information-approved-drugs/fda-approves-fam-trastuzumab-deruxtecan-nxki-unresectable-or-metastatic-hr-positive-her2-low-or-her2","1/27/2025"
"47","Safety announcement: FDA highlights importance of DPD deficiency discussions with patients prior to capecitabine or 5FU treatment","The U.S. Food and Drug Administration (FDA) is providing this communication to increase awareness of recent updates to the product labeling of capecitabine and fluorouracil (5-FU) related to risks associated with dihydropyrimidine dehydrogenase (DPD) deficiency. All healthcare providers should be aware of the risks of DPD deficiency, inform patients prior to treatment about the potential for serious and life-threatening toxicities due to DPD deficiency, and discuss testing options for DPD deficiency with their patients. ","https://www.fda.gov/drugs/resources-information-approved-drugs/safety-announcement-fda-highlights-importance-dpd-deficiency-discussions-patients-prior-capecitabine","1/24/2025"
"48","FDA approves datopotamab deruxtecan-dlnk for unresectable or metastatic, HR-positive, HER2-negative breast cancer","On January 17, 2025, the Food and Drug Administration approved datopotamab deruxtecan-dlnk (Datroway, Daiichi Sankyo, Inc.), a Trop-2-directed antibody and topoisomerase inhibitor conjugate, for adult patients with unresectable or metastatic, hormone receptor (HR)-positive, human epidermal growth factor receptor 2 (HER2)-negative (IHC 0, IHC1+ or IHC2+/ISH-) breast cancer who have received prior endocrine-based therapy and chemotherapy for unresectable or metastatic disease.","https://www.fda.gov/drugs/resources-information-approved-drugs/fda-approves-datopotamab-deruxtecan-dlnk-unresectable-or-metastatic-hr-positive-her2-negative-breast","1/17/2025"
"49","FDA approves sotorasib with panitumumab for KRAS G12C-mutated colorectal cancer","On January 16, 2025, the Food and Drug Administration approved sotorasib (Lumakras, Amgen Inc.) with panitumumab (Vectibix, Amgen Inc.) for adult patients with KRAS G12C-mutated metastatic colorectal cancer (mCRC), as determined by an FDA-approved test, who have received prior fluoropyrimidine-, oxaliplatin-, and irinotecan-based chemotherapy. ","https://www.fda.gov/drugs/resources-information-approved-drugs/fda-approves-sotorasib-panitumumab-kras-g12c-mutated-colorectal-cancer","1/16/2025"
"50","FDA approves acalabrutinib with bendamustine and rituximab for previously untreated mantle cell lymphoma","On January 16, 2025, the Food and Drug Administration granted traditional approval to acalabrutinib (Calquence, AstraZeneca) with bendamustine and rituximab for adults with previously untreated mantle cell lymphoma (MCL) who are ineligible for autologous hematopoietic stem cell transplantation (HSCT).","https://www.fda.gov/drugs/resources-information-approved-drugs/fda-approves-acalabrutinib-bendamustine-and-rituximab-previously-untreated-mantle-cell-lymphoma","1/16/2025"
"51","FDA approves nivolumab and hyaluronidase-nvhy for subcutaneous injection","On December 27, 2024, the Food and Drug Administration approved nivolumab and hyaluronidase-nvhy (Opdivo Qvantig, Bristol Myers Squibb Company) for subcutaneous injection across approved adult, solid tumor nivolumab (Opdivo, Bristol Myers Squibb Company) indications as monotherapy, monotherapy maintenance following completion of Opdivo plus Yervoy (ipilimumab) combination therapy, or in combination with chemotherapy or cabozantinib.","https://www.fda.gov/drugs/resources-information-approved-drugs/fda-approves-nivolumab-and-hyaluronidase-nvhy-subcutaneous-injection","12/27/2024"
"52","FDA grants accelerated approval to encorafenib with cetuximab and mFOLFOX6 for metastatic colorectal cancer with a BRAF V600E mutation","On December 20, 2024, the Food and Drug Administration granted accelerated approval to encorafenib (Braftovi, Array BioPharma Inc., a subsidiary of Pfizer Inc.) with cetuximab and mFOLFOX6 for patients with metastatic colorectal cancer (mCRC) with a BRAF V600E mutation, as detected by an FDA-approved test.","https://www.fda.gov/drugs/resources-information-approved-drugs/fda-grants-accelerated-approval-encorafenib-cetuximab-and-mfolfox6-metastatic-colorectal-cancer-braf","12/20/2024"
"53","FDA approves remestemcel-L-rknd for steroid-refractory acute graft versus host disease in pediatric patients","On December 18, 2024, the Food and Drug Administration approved remestemcel-L-rknd (Ryoncil, Mesoblast, Inc.), an allogeneic bone marrow-derived mesenchymal stromal cell (MSC) therapy, for steroid-refractory acute graft versus host disease (SR-aGVHD) in pediatric patients 2 months of age and older. Ryoncil is the first FDA-approved MSC therapy.","https://www.fda.gov/drugs/resources-information-approved-drugs/fda-approves-remestemcel-l-rknd-steroid-refractory-acute-graft-versus-host-disease-pediatric","12/18/2024"
"54","FDA approves ensartinib for ALK-positive locally advanced or metastatic non-small cell lung cancer","On December 18, 2024, the Food and Drug Administration approved ensartinib (Ensacove, Xcovery Holdings, Inc.) for adult patients with anaplastic lymphoma kinase (ALK)-positive locally advanced or metastatic non-small cell lung cancer (NSCLC) who have not previously received an ALK-inhibitor.","https://www.fda.gov/drugs/resources-information-approved-drugs/fda-approves-ensartinib-alk-positive-locally-advanced-or-metastatic-non-small-cell-lung-cancer","12/18/2024"
"55","FDA approves cosibelimab-ipdl for metastatic or locally advanced cutaneous squamous cell carcinoma","On December 13, 2024, the Food and Drug Administration approved cosibelimab-ipdl (Unloxcyt, Checkpoint Therapeutics, Inc.), a programmed death ligand-1 (PD-L1) blocking antibody, for adults with metastatic cutaneous squamous cell carcinoma (mCSCC) or locally advanced CSCC (laCSCC) who are not candidates for curative surgery or curative radiation. ","https://www.fda.gov/drugs/resources-information-approved-drugs/fda-approves-cosibelimab-ipdl-metastatic-or-locally-advanced-cutaneous-squamous-cell-carcinoma","12/13/2024"
"56","FDA approves durvalumab for limited-stage small cell lung cancer","On December 4, 2024, the Food and Drug Administration approved durvalumab (Imfinzi, AstraZeneca) for adults with limited-stage small cell lung cancer (LS-SCLC) whose disease has not progressed following concurrent platinum-based chemotherapy and radiation therapy.","https://www.fda.gov/drugs/resources-information-approved-drugs/fda-approves-durvalumab-limited-stage-small-cell-lung-cancer","12/4/2024"
"57","FDA grants accelerated approval to zenocutuzumab-zbco for non-small cell lung cancer and pancreatic adenocarcinoma","On December 4, 2024, the Food and Drug Administration granted accelerated approval to zenocutuzumab-zbco (Bizengri, Merus N.V.) for adults with the following:

advanced, unresectable, or metastatic non-small cell lung cancer (NSCLC) harboring a neuregulin 1 (NRG1) gene fusion with disease progression on or after prior systemic therapy, or
advanced, unresectable, or metastatic pancreatic adenocarcinoma harboring a NRG1 gene fusion with disease progression on or after prior systemic therapy.","https://www.fda.gov/drugs/resources-information-approved-drugs/fda-grants-accelerated-approval-zenocutuzumab-zbco-non-small-cell-lung-cancer-and-pancreatic","12/4/2024"
"58","FDA grants accelerated approval to zanidatamab-hrii for previously treated unresectable or metastatic HER2-positive biliary tract cancer","On November 20, 2024, the Food and Drug Administration granted accelerated approval to zanidatamab-hrii (Ziihera, Jazz Pharmaceuticals, Inc.), a bispecific HER2-directed antibody, for previously treated, unresectable or metastatic HER2-positive (IHC 3+) biliary tract cancer (BTC), as detected by an FDA-approved test.","https://www.fda.gov/drugs/resources-information-approved-drugs/fda-grants-accelerated-approval-zanidatamab-hrii-previously-treated-unresectable-or-metastatic-her2","11/21/2024"
"59","FDA approves updated drug labeling for fludarabine phosphate under Project Renewal","On November 19, 2024, the Food and Drug Administration approved updated drug labeling for fludarabine phosphate (Fludarabine Phosphate Injection, Sandoz) under Project Renewal, an Oncology Center of Excellence (OCE) initiative aimed at updating labeling information for certain older oncology drugs to ensure information is clinically meaningful and scientifically up to date.","https://www.fda.gov/drugs/resources-information-approved-drugs/fda-approves-updated-drug-labeling-fludarabine-phosphate-under-project-renewal","11/19/2024"
"60","FDA approves revumenib for relapsed or refractory acute leukemia with a KMT2A translocation","On November 15, 2024, the Food and Drug Administration approved revumenib (Revuforj, Syndax Pharmaceuticals, Inc.), a menin inhibitor, for relapsed or refractory acute leukemia with a lysine methyltransferase 2A gene (KMT2A) translocation in adult and pediatric patients 1 year and older.","https://www.fda.gov/drugs/resources-information-approved-drugs/fda-approves-revumenib-relapsed-or-refractory-acute-leukemia-kmt2a-translocation","11/15/2024"
"61","FDA approves obecabtagene autoleucel for adults with relapsed or refractory B-cell precursor acute lymphoblastic leukemia","On November 8, 2024, the Food and Drug Administration approved obecabtagene autoleucel (Aucatzyl, Autolus Inc.), a CD19-directed genetically modified autologous T cell immunotherapy, for adults with relapsed or refractory B-cell precursor acute lymphoblastic leukemia (ALL).","https://www.fda.gov/drugs/resources-information-approved-drugs/fda-approves-obecabtagene-autoleucel-adults-relapsed-or-refractory-b-cell-precursor-acute","11/8/2024"
"62","FDA grants accelerated approval to asciminib for newly diagnosed chronic myeloid leukemia","On October 29, 2024, the Food and Drug Administration granted accelerated approval to asciminib (Scemblix, Novartis AG) for adult patients with newly diagnosed Philadelphia chromosome-positive chronic myeloid leukemia (Ph+ CML) in chronic phase (CP).","https://www.fda.gov/drugs/resources-information-approved-drugs/fda-grants-accelerated-approval-asciminib-newly-diagnosed-chronic-myeloid-leukemia","10/29/2024"
"63","FDA approves zolbetuximab-clzb with chemotherapy for gastric or gastroesophageal junction adenocarcinoma ","On October 18, 2024, the Food and Drug Administration approved zolbetuximab-clzb (Vyloy, Astellas Pharma US, Inc.), a claudin 18.2 (CLDN18.2)-directed cytolytic antibody, with fluoropyrimidine- and platinum-containing chemotherapy, for the first-line treatment of adults with locally advanced unresectable or metastatic human epidermal growth factor receptor 2 (HER2)-negative gastric or gastroesophageal junction (GEJ) adenocarcinoma whose tumors are CLDN18.2 positive, as determined by an FDA-approved test.","https://www.fda.gov/drugs/resources-information-approved-drugs/fda-approves-zolbetuximab-clzb-chemotherapy-gastric-or-gastroesophageal-junction-adenocarcinoma","10/18/2024"
"64","FDA approves inavolisib with palbociclib and fulvestrant for endocrine-resistant, PIK3CA-mutated, HR-positive, HER2-negative, advanced breast cancer","On October 10, 2024, the Food and Drug Administration approved inavolisib (Itovebi, Genentech, Inc.) with palbociclib and fulvestrant for adults with endocrine-resistant, PIK3CA-mutated, hormone receptor (HR)-positive, human epidermal growth-factor receptor 2 (HER2)-negative, locally advanced or metastatic breast cancer, as detected by an FDA-approved test, following recurrence on or after completing adjuvant endocrine therapy.","https://www.fda.gov/drugs/resources-information-approved-drugs/fda-approves-inavolisib-palbociclib-and-fulvestrant-endocrine-resistant-pik3ca-mutated-hr-positive","10/10/2024"
"65","FDA approves neoadjuvant/adjuvant nivolumab for resectable non-small cell lung cancer","On October 3, 2024, the Food and Drug Administration approved nivolumab (Opdivo, Bristol Myers Squibb Company) with platinum-doublet chemotherapy as neoadjuvant treatment, followed by single-agent nivolumab after surgery as adjuvant treatment, for adults with resectable (tumors ≥ 4 cm and/or node positive) non-small cell lung cancer (NSCLC) and no known epidermal growth factor receptor (EGFR) mutations or anaplastic lymphoma kinase (ALK) rearrangements. ","https://www.fda.gov/drugs/resources-information-approved-drugs/fda-approves-neoadjuvantadjuvant-nivolumab-resectable-non-small-cell-lung-cancer","10/3/2024"
"66","FDA approves selpercatinib for medullary thyroid cancer with a RET mutation","On September 27, 2024, the Food and Drug Administration granted traditional approval to selpercatinib (Retevmo, Eli Lilly and Company) for adult and pediatric patients 2 years of age and older with advanced or metastatic medullary thyroid cancer (MTC) with a RET mutation, as detected by an FDA-approved test, who require systemic therapy.","https://www.fda.gov/drugs/resources-information-approved-drugs/fda-approves-selpercatinib-medullary-thyroid-cancer-ret-mutation","9/27/2024"
"67","FDA approves osimertinib for locally advanced, unresectable (stage III) non-small cell lung cancer following chemoradiation therapy","On September 25, 2024, the Food and Drug Administration approved osimertinib (Tagrisso, AstraZeneca Pharmaceuticals) for adult patients with locally advanced, unresectable (stage III) non-small cell lung cancer (NSCLC) whose disease has not progressed during or following concurrent or sequential platinum-based chemoradiation therapy and whose tumors have EGFR exon 19 deletions or exon 21 L858R mutations, as detected by an FDA-approved test.","https://www.fda.gov/drugs/resources-information-approved-drugs/fda-approves-osimertinib-locally-advanced-unresectable-stage-iii-non-small-cell-lung-cancer","9/25/2024"
"68","FDA approves isatuximab-irfc with bortezomib, lenalidomide, and dexamethasone for newly diagnosed multiple myeloma","On September 20, 2024, the Food and Drug Administration approved isatuximab-irfc (Sarclisa, Sanofi-Aventis U.S. LLC) with bortezomib, lenalidomide, and dexamethasone for adults with newly diagnosed multiple myeloma who are not eligible for autologous stem cell transplant (ASCT).","https://www.fda.gov/drugs/resources-information-approved-drugs/fda-approves-isatuximab-irfc-bortezomib-lenalidomide-and-dexamethasone-newly-diagnosed-multiple","9/20/2024"
"69","FDA approves amivantamab-vmjw with carboplatin and pemetrexed for non-small cell lung cancer with EGFR exon 19 deletions or L858R mutations","On September 19, 2024, the Food and Drug Administration approved amivantamab-vmjw (Rybrevant, Janssen Biotech, Inc.) with carboplatin and pemetrexed for adult patients with locally advanced or metastatic non-small cell lung cancer (NSCLC) with epidermal growth factor receptor (EGFR) exon 19 deletions or exon 21 L858R substitution mutations whose disease has progressed on or after treatment with an EGFR tyrosine kinase inhibitor.","https://www.fda.gov/drugs/resources-information-approved-drugs/fda-approves-amivantamab-vmjw-carboplatin-and-pemetrexed-non-small-cell-lung-cancer-egfr-exon-19","9/19/2024"
"70","FDA approves pembrolizumab with chemotherapy for unresectable advanced or metastatic malignant pleural mesothelioma","On September 17, 2024, the Food and Drug Administration approved pembrolizumab (Keytruda, Merck) with pemetrexed and platinum chemotherapy as first-line treatment of unresectable advanced or metastatic malignant pleural mesothelioma (MPM).","https://www.fda.gov/drugs/resources-information-approved-drugs/fda-approves-pembrolizumab-chemotherapy-unresectable-advanced-or-metastatic-malignant-pleural","9/17/2024"
"71","FDA approves Kisqali with an aromatase inhibitor and Kisqali Femara Co-Pack for early high-risk breast cancer","On September 17, 2024, the Food and Drug Administration approved ribociclib (Kisqali, Novartis Pharmaceuticals Corporation) with an aromatase inhibitor for the adjuvant treatment of adults with hormone receptor (HR)-positive, human epidermal growth factor receptor 2 (HER2)-negative stage II and III early breast cancer at high risk of recurrence. Additionally, FDA also approved the ribociclib and letrozole co-pack (Kisqali Femara Co-Pack, Novartis Pharmaceuticals Corporation) for the same indication.","https://www.fda.gov/drugs/resources-information-approved-drugs/fda-approves-kisqali-aromatase-inhibitor-and-kisqali-femara-co-pack-early-high-risk-breast-cancer","9/17/2024"
"72","FDA approves atezolizumab and hyaluronidase-tqjs for subcutaneous injection","On September 12, 2024, the Food and Drug Administration approved atezolizumab and hyaluronidase-tqjs (Tecentriq Hybreza, Genentech, Inc.) for subcutaneous injection for all the adult indications as the intravenous formulation of atezolizumab (Tecentriq, Genentech, Inc.), including non-small cell lung cancer (NSCLC), small cell lung cancer (SCLC), hepatocellular carcinoma (HCC), melanoma, and alveolar soft part sarcoma (ASPS). See the prescribing information for the specific indications. ","https://www.fda.gov/drugs/resources-information-approved-drugs/fda-approves-atezolizumab-and-hyaluronidase-tqjs-subcutaneous-injection","9/12/2024"
"73","FDA approves lazertinib with amivantamab-vmjw for non-small lung cancer","On August 19, 2024, the Food and Drug Administration approved lazertinib (Lazcluze, Janssen Biotech, Inc.) in combination with amivantamab-vmjw (Rybrevant, Janssen Biotech, Inc.) for the first-line treatment of locally advanced or metastatic non-small cell lung cancer (NSCLC) with epidermal growth factor receptor (EGFR) exon 19 deletions or exon 21 L858R substitution mutations, as detected by an FDA-approved test. ","https://www.fda.gov/drugs/resources-information-approved-drugs/fda-approves-lazertinib-amivantamab-vmjw-non-small-lung-cancer","8/19/2024"
"74","FDA approves neoadjuvant/adjuvant durvalumab for resectable non-small cell lung cancer","On August 15, 2024, the Food and Drug Administration approved durvalumab (Imfinzi, AstraZeneca) with platinum-containing chemotherapy as neoadjuvant treatment, followed by single-agent durvalumab as adjuvant treatment after surgery for adults with resectable (tumors ≥ 4 cm and/or node positive) non-small cell lung cancer (NSCLC) and no known epidermal growth factor receptor (EGFR) mutations or anaplastic lymphoma kinase (ALK) rearrangements.","https://www.fda.gov/drugs/resources-information-approved-drugs/fda-approves-neoadjuvantadjuvant-durvalumab-resectable-non-small-cell-lung-cancer","8/15/2024"
"75","FDA approves axatilimab-csfr for chronic graft-versus-host disease","On August 14, 2024, the Food and Drug Administration approved axatilimab-csfr (Niktimvo, Incyte Corporation), a colony stimulating factor-1 receptor-blocking antibody, for the treatment of chronic graft-versus-host disease (cGVHD) after failure of at least two prior lines of systemic therapy in adult and pediatric patients weighing at least 40 kg.","https://www.fda.gov/drugs/resources-information-approved-drugs/fda-approves-axatilimab-csfr-chronic-graft-versus-host-disease","8/14/2024"
"76","FDA approves vorasidenib for Grade 2 astrocytoma or oligodendroglioma with a susceptible IDH1 or IDH2 mutation","On August 6, 2024, the Food and Drug Administration approved vorasidenib (Voranigo, Servier Pharmaceuticals LLC), an isocitrate dehydrogenase-1 (IDH1) and isocitrate dehydrogenase-2 (IDH2) inhibitor, for adult and pediatric patients 12 years and older with Grade 2 astrocytoma or oligodendroglioma with a susceptible IDH1 or IDH2 mutation, following surgery including biopsy, sub-total resection, or gross total resection.","https://www.fda.gov/drugs/resources-information-approved-drugs/fda-approves-vorasidenib-grade-2-astrocytoma-or-oligodendroglioma-susceptible-idh1-or-idh2-mutation","8/6/2024"
"77","FDA grants accelerated approval to afamitresgene autoleucel for unresectable or metastatic synovial sarcoma","On August 2, 2024, the Food and Drug Administration granted accelerated approval to afamitresgene autoleucel (TECELRA, Adaptimmune, LLC), a melanoma-associated antigen A4 (MAGE-A4)-directed genetically modified autologous T cell immunotherapy, for adults with unresectable or metastatic synovial sarcoma who have received prior chemotherapy, are HLA-A*02:01P, -A*02:02P, -A*02:03P, or -A*02:06P positive and whose tumor expresses the MAGE-A4 antigen as determined by FDA-approved or cleared companion diagnostic devices.","https://www.fda.gov/drugs/resources-information-approved-drugs/fda-grants-accelerated-approval-afamitresgene-autoleucel-unresectable-or-metastatic-synovial-sarcoma","8/2/2024"
"78","FDA expands endometrial cancer indication for dostarlimab-gxly with chemotherapy","On August 1, 2024, the Food and Drug Administration approved dostarlimab-gxly (Jemperli, GSK) with carboplatin and paclitaxel, followed by single-agent dostarlimab-gxly, for adult patients with primary advanced or recurrent endometrial cancer (EC). ","https://www.fda.gov/drugs/resources-information-approved-drugs/fda-expands-endometrial-cancer-indication-dostarlimab-gxly-chemotherapy","8/1/2024"
"79","FDA approves daratumumab and hyaluronidase-fihj with bortezomib, lenalidomide, and dexamethasone for multiple myeloma","On July 30, 2024, the Food and Drug Administration approved daratumumab and hyaluronidase-fihj (Darzalex Faspro, Janssen Research & Development, LLC) in combination with bortezomib, lenalidomide, and dexamethasone for induction and consolidation in patients with newly diagnosed multiple myeloma who are eligible for autologous stem cell transplant (ASCT).","https://www.fda.gov/drugs/resources-information-approved-drugs/fda-approves-daratumumab-and-hyaluronidase-fihj-bortezomib-lenalidomide-and-dexamethasone-multiple","7/30/2024"
"80","FDA grants accelerated approval to epcoritamab-bysp for relapsed or refractory follicular lymphoma","On June 26, 2024, the Food and Drug Administration granted accelerated approval to epcoritamab-bysp (Epkinly, Genmab US, Inc.), a bispecific CD20-directed CD3 T-cell engager, for adult patients with relapsed or refractory follicular lymphoma (FL) after two or more lines of systemic therapy. ","https://www.fda.gov/drugs/resources-information-approved-drugs/fda-grants-accelerated-approval-epcoritamab-bysp-relapsed-or-refractory-follicular-lymphoma","6/26/2024"
"81","FDA grants accelerated approval to adagrasib with cetuximab for KRAS G12C-mutated colorectal cancer","On June 21, 2024, the Food and Drug Administration granted accelerated approval to adagrasib (Krazati; Mirati Therapeutics, Inc.) plus cetuximab for adults with KRAS G12C-mutated locally advanced or metastatic colorectal cancer (CRC), as determined by an FDA-approved test, who have received prior treatment with fluoropyrimidine-, oxaliplatin-, and irinotecan-based chemotherapy.","https://www.fda.gov/drugs/resources-information-approved-drugs/fda-grants-accelerated-approval-adagrasib-cetuximab-kras-g12c-mutated-colorectal-cancer","6/21/2024"
"82","FDA approves pembrolizumab with chemotherapy for primary advanced or recurrent endometrial carcinoma","On June 17, 2024, the Food and Drug Administration approved pembrolizumab (Keytruda, Merck) with carboplatin and paclitaxel, followed by single-agent pembrolizumab, for adult patients with primary advanced or recurrent endometrial carcinoma.","https://www.fda.gov/drugs/resources-information-approved-drugs/fda-approves-pembrolizumab-chemotherapy-primary-advanced-or-recurrent-endometrial-carcinoma","6/17/2024"
"83","FDA approves blinatumomab as consolidation for CD19-positive Philadelphia chromosome-negative B-cell precursor acute lymphoblastic leukemia","On June 14, 2024, the Food and Drug Administration approved blinatumomab (Blincyto, Amgen Inc.) for adult and pediatric patients one month and older with CD19-positive Philadelphia chromosome-negative B-cell precursor acute lymphoblastic leukemia (Ph-negative BCP ALL) in the consolidation phase of multiphase chemotherapy.","https://www.fda.gov/drugs/resources-information-approved-drugs/fda-approves-blinatumomab-consolidation-cd19-positive-philadelphia-chromosome-negative-b-cell","6/14/2024"
"84","FDA approves durvalumab with chemotherapy for mismatch repair deficient primary advanced or recurrent endometrial cancer","On June 14, 2024, the Food and Drug Administration approved durvalumab (Imfinzi, AstraZeneca UK Limited) with carboplatin plus paclitaxel followed by single-agent durvalumab for adult patients with primary advanced or recurrent endometrial cancer that is mismatch repair deficient (dMMR).","https://www.fda.gov/drugs/resources-information-approved-drugs/fda-approves-durvalumab-chemotherapy-mismatch-repair-deficient-primary-advanced-or-recurrent","6/14/2024"
"85","FDA grants accelerated approval to repotrectinib for adult and pediatric patients with NTRK gene fusion-positive solid tumors","On June 13, 2024, the Food and Drug Administration granted accelerated approval to repotrectinib (AUGTYRO, Bristol-Myers Squibb Company) for adult and pediatric patients 12 years and older with solid tumors that have a neurotrophic tyrosine receptor kinase (NTRK) gene fusion, are locally advanced or metastatic or where surgical resection is likely to result in severe morbidity, and that have progressed following treatment or have no satisfactory alternative therapy.","https://www.fda.gov/drugs/resources-information-approved-drugs/fda-grants-accelerated-approval-repotrectinib-adult-and-pediatric-patients-ntrk-gene-fusion-positive","6/13/2024"
"86","FDA approves selpercatinib for RET fusion-positive thyroid cancer","On June 12, 2024, the Food and Drug Administration granted traditional approval to selpercatinib (Retevmo, Eli Lilly and Company) for adult and pediatric patients 2 years of age and older with advanced or metastatic RET fusion-positive thyroid cancer who require systemic therapy and who are radioactive iodine-refractory (if radioactive iodine is appropriate). ","https://www.fda.gov/drugs/resources-information-approved-drugs/fda-approves-selpercatinib-ret-fusion-positive-thyroid-cancer","6/12/2024"
"87","FDA approves imetelstat for low- to intermediate-1 risk myelodysplastic syndromes with transfusion-dependent anemia","On June 6, 2024, the Food and Drug Administration approved imetelstat (Rytelo, Geron Corporation), an oligonucleotide telomerase inhibitor, for adults with low- to intermediate-1 risk myelodysplastic syndromes (MDS) with transfusion-dependent anemia requiring four or more red blood cell units over 8 weeks who have not responded to or have lost response to or are ineligible for erythropoiesis-stimulating agents (ESAs).","https://www.fda.gov/drugs/resources-information-approved-drugs/fda-approves-imetelstat-low-intermediate-1-risk-myelodysplastic-syndromes-transfusion-dependent","6/6/2024"
"88","FDA approves lisocabtagene maraleucel for relapsed or refractory mantle cell lymphoma","On May 30, 2024, the Food and Drug Administration approved lisocabtagene maraleucel (Breyanzi, Juno Therapeutics, Inc.) for adult patients with relapsed or refractory mantle cell lymphoma (MCL) who have received at least two prior lines of systemic therapy, including a Bruton tyrosine kinase inhibitor (BTKi).","https://www.fda.gov/drugs/resources-information-approved-drugs/fda-approves-lisocabtagene-maraleucel-relapsed-or-refractory-mantle-cell-lymphoma","5/30/2024"
"89","FDA grants accelerated approval to selpercatinib for pediatric patients two years and older with RET-altered metastatic thyroid cancer or solid tumors","On May 29, 2024, the Food and Drug Administration granted accelerated approval to selpercatinib (Retevmo, Eli Lilly and Company) for pediatric patients two years of age and older.","https://www.fda.gov/drugs/resources-information-approved-drugs/fda-grants-accelerated-approval-selpercatinib-pediatric-patients-two-years-and-older-ret-altered","5/29/2024"
"90","FDA grants accelerated approval to tarlatamab-dlle for extensive stage small cell lung cancer notionvc: 0df74034-df5b-43f2-86e6-60af24a90d4e","On May 16, 2024, the Food and Drug Administration granted accelerated approval to tarlatamab-dlle (Imdelltra, Amgen, Inc.) for extensive stage small cell lung cancer (ES-SCLC) with disease progression on or after platinum-based chemotherapy. notionvc: ebc3d0e1-8749-4feb-b829-f2a1abe7ddbc","https://www.fda.gov/drugs/resources-information-approved-drugs/fda-grants-accelerated-approval-tarlatamab-dlle-extensive-stage-small-cell-lung-cancer","5/16/2024"
"91","FDA grants accelerated approval to lisocabtagene maraleucel for follicular lymphoma","On May 15, 2024, the Food and Drug Administration granted accelerated approval to lisocabtagene maraleucel (Breyanzi, Juno Therapeutics, Inc.) for adults with relapsed or refractory follicular lymphoma (FL) who have received two or more prior lines of systemic therapy.","https://www.fda.gov/drugs/resources-information-approved-drugs/fda-grants-accelerated-approval-lisocabtagene-maraleucel-follicular-lymphoma","5/15/2024"
"92","FDA approves tisotumab vedotin-tftv for recurrent or metastatic cervical cancer","On April 29, 2024, the Food and Drug Administration granted traditional approval to tisotumab vedotin-tftv (Tivdak, Seagen Inc. [now a part of Pfizer Inc.]) for recurrent or metastatic cervical cancer with disease progression on or after chemotherapy. Tisotumab vedotin-tftv previously received accelerated approval for this indication.","https://www.fda.gov/drugs/resources-information-approved-drugs/fda-approves-tisotumab-vedotin-tftv-recurrent-or-metastatic-cervical-cancer","4/29/2024"
"93","FDA grants accelerated approval to tovorafenib for patients with relapsed or refractory BRAF-altered pediatric low-grade glioma","On April 23, 2024, the Food and Drug Administration granted accelerated approval to tovorafenib (Ojemda, Day One Biopharmaceuticals, Inc.) for patients 6 months of age and older with relapsed or refractory pediatric low-grade glioma (LGG) harboring a BRAF fusion or rearrangement, or BRAF V600 mutation.","https://www.fda.gov/drugs/resources-information-approved-drugs/fda-grants-accelerated-approval-tovorafenib-patients-relapsed-or-refractory-braf-altered-pediatric","4/23/2024"
"94","FDA approves lutetium Lu 177 dotatate for pediatric patients 12 years and older with GEP-NETS","On April 23, 2024, the Food and Drug Administration approved lutetium Lu 177 dotatate (Lutathera, Advanced Accelerator Applications USA, Inc., a Novartis company) for pediatric patients 12 years and older with somatostatin receptor (SSTR)-positive gastroenteropancreatic neuroendocrine tumors (GEP-NETs), including foregut, midgut, and hindgut neuroendocrine tumors. Lutetium Lu 177 dotatate received approval for this indication for adults in 2018.","https://www.fda.gov/drugs/resources-information-approved-drugs/fda-approves-lutetium-lu-177-dotatate-pediatric-patients-12-years-and-older-gep-nets","4/23/2024"
"95","FDA approves nogapendekin alfa inbakicept-pmln for BCG-unresponsive non-muscle invasive bladder cancer","On April 22, 2024, the Food and Drug Administration approved nogapendekin alfa inbakicept-pmln (Anktiva, Altor BioScience, LLC) with Bacillus Calmette-Guérin (BCG) for adult patients with BCG-unresponsive non-muscle invasive bladder cancer (NMIBC) with carcinoma in situ (CIS) with or without papillary tumors.","https://www.fda.gov/drugs/resources-information-approved-drugs/fda-approves-nogapendekin-alfa-inbakicept-pmln-bcg-unresponsive-non-muscle-invasive-bladder-cancer","4/22/2024"
"96","FDA approves alectinib as adjuvant treatment for ALK-positive non-small cell lung cancer","On April 18, 2024, the Food and Drug Administration approved alectinib (Alecensa, Genentech, Inc.) for adjuvant treatment following tumor resection in patients with anaplastic lymphoma kinase (ALK)-positive non-small cell lung cancer (NSCLC), as detected by an FDA-approved test.","https://www.fda.gov/drugs/resources-information-approved-drugs/fda-approves-alectinib-adjuvant-treatment-alk-positive-non-small-cell-lung-cancer","4/18/2024"
"97","FDA grants accelerated approval to fam-trastuzumab deruxtecan-nxki for unresectable or metastatic HER2-positive solid tumors","On April 5, 2024, the Food and Drug Administration granted accelerated approval to fam-trastuzumab deruxtecan-nxki (Enhertu, Daiichi Sankyo, Inc.) for adult patients with unresectable or metastatic HER2-positive (IHC3+) solid tumors who have received prior systemic treatment and have no satisfactory alternative treatment options.","https://www.fda.gov/drugs/resources-information-approved-drugs/fda-grants-accelerated-approval-fam-trastuzumab-deruxtecan-nxki-unresectable-or-metastatic-her2","4/5/2024"
"98","FDA approves mirvetuximab soravtansine-gynx for FRα positive, platinum-resistant epithelial ovarian, fallopian tube, or primary peritoneal cancer","On March 22, 2024, the Food and Drug Administration approved mirvetuximab soravtansine-gynx (Elahere, ImmunoGen, Inc. [now a part of AbbVie]) for adult patients with FRα positive, platinum-resistant epithelial ovarian, fallopian tube, or primary peritoneal cancer, who have received one to three prior systemic treatment regimens. Patients are selected based on an FDA-approved test.","https://www.fda.gov/drugs/resources-information-approved-drugs/fda-approves-mirvetuximab-soravtansine-gynx-fra-positive-platinum-resistant-epithelial-ovarian","3/22/2024"
"99","FDA approves safety labeling changes regarding DPD deficiency for fluorouracil injection products","On March 21, 2024, the Food and Drug Administration approved safety labeling changes for fluorouracil injection products. This effort was a collaboration between FDA’s Office of Generic Drugs and the Oncology Center of Excellence (OCE).","https://www.fda.gov/drugs/resources-information-approved-drugs/fda-approves-safety-labeling-changes-regarding-dpd-deficiency-fluorouracil-injection-products","3/21/2024"
"100","FDA grants accelerated approval to ponatinib with chemotherapy for newly diagnosed Philadelphia chromosome-positive acute lymphoblastic leukemia","On March 19, 2024, the Food and Drug Administration granted accelerated approval to ponatinib (Iclusig, Takeda Pharmaceuticals U.S.A., Inc.) with chemotherapy for adult patients with newly diagnosed Philadelphia chromosome-positive acute lymphoblastic leukemia (Ph+ ALL).","https://www.fda.gov/drugs/resources-information-approved-drugs/fda-grants-accelerated-approval-ponatinib-chemotherapy-newly-diagnosed-philadelphia-chromosome","3/19/2024"
"101","FDA grants accelerated approval to zanubrutinib for relapsed or refractory follicular lymphoma","On March 7, 2024, the Food and Drug Administration granted accelerated approval to zanubrutinib (Brukinsa, BeiGene USA, Inc.) with obinutuzumab for relapsed or refractory follicular lymphoma (FL) after two or more lines of systemic therapy.","https://www.fda.gov/drugs/resources-information-approved-drugs/fda-grants-accelerated-approval-zanubrutinib-relapsed-or-refractory-follicular-lymphoma","3/7/2024"
"102","FDA approves nivolumab in combination with cisplatin and gemcitabine for unresectable or metastatic urothelial carcinoma","On March 6, 2024, the Food and Drug Administration approved nivolumab (Opdivo, Bristol-Myers Squibb Company) in combination with cisplatin and gemcitabine for first-line treatment of adult patients with unresectable or metastatic urothelial carcinoma (UC).","https://www.fda.gov/drugs/resources-information-approved-drugs/fda-approves-nivolumab-combination-cisplatin-and-gemcitabine-unresectable-or-metastatic-urothelial","3/7/2024"
"103","FDA approves inotuzumab ozogamicin for pediatric patients with acute lymphoblastic leukemia","On March 6, 2024, the Food and Drug Administration approved inotuzumab ozogamicin (Besponsa, Pfizer) for pediatric patients 1 year and older with relapsed or refractory CD22-positive B-cell precursor acute lymphoblastic leukemia (ALL).","https://www.fda.gov/drugs/resources-information-approved-drugs/fda-approves-inotuzumab-ozogamicin-pediatric-patients-acute-lymphoblastic-leukemia","3/6/2024"
"104","FDA approves amivantamab-vmjw for EGFR exon 20 insertion-mutated non-small cell lung cancer indications","On March 1, 2024, the Food and Drug Administration approved amivantamab-vmjw (Rybrevant, Janssen Biotech, Inc.) with carboplatin and pemetrexed for the first-line treatment of locally advanced or metastatic non-small cell lung cancer (NSCLC) with epidermal growth factor receptor (EGFR) exon 20 insertion mutations, as detected by an FDA-approved test.","https://www.fda.gov/drugs/resources-information-approved-drugs/fda-approves-amivantamab-vmjw-egfr-exon-20-insertion-mutated-non-small-cell-lung-cancer-indications","3/1/2024"
"105","FDA approves osimertinib with chemotherapy for EGFR-mutated non-small cell lung cancer","On February 16, 2024, the Food and Drug Administration approved osimertinib (Tagrisso, AstraZeneca Pharmaceuticals LP) with platinum-based chemotherapy for patients with locally advanced or metastatic non-small cell lung cancer (la/mNSCLC) whose tumors have EGFR exon 19 deletions or exon 21 L858R mutations, as detected by an FDA-approved test.","https://www.fda.gov/drugs/resources-information-approved-drugs/fda-approves-osimertinib-chemotherapy-egfr-mutated-non-small-cell-lung-cancer","2/16/2024"
"106","FDA grants accelerated approval to lifileucel for unresectable or metastatic melanoma","On February 16, 2024, the Food and Drug Administration granted accelerated approval to lifileucel (Amtagvi, Iovance Biotherapeutics, Inc.), a tumor-derived autologous T cell immunotherapy, for adult patients with unresectable or metastatic melanoma previously treated with a PD-1 blocking antibody, and if BRAF V600 positive, a BRAF inhibitor with or without a MEK inhibitor.","https://www.fda.gov/drugs/resources-information-approved-drugs/fda-grants-accelerated-approval-lifileucel-unresectable-or-metastatic-melanoma","2/16/2024"
"107","FDA approves tepotinib for metastatic non-small cell lung cancer","On February 15, 2024, the Food and Drug Administration granted traditional approval to tepotinib (Tepmetko, EMD Serono, Inc.) for adult patients with metastatic non-small cell lung cancer (NSCLC) harboring mesenchymal-epithelial transition (MET) exon 14 skipping alterations. ","https://www.fda.gov/drugs/resources-information-approved-drugs/fda-approves-tepotinib-metastatic-non-small-cell-lung-cancer","2/15/2024"
"108","FDA approves irinotecan liposome for first-line treatment of metastatic pancreatic adenocarcinoma","On February 13, 2024, the Food and Drug Administration approved irinotecan liposome (Onivyde, Ipsen Biopharmaceuticals, Inc.) with oxaliplatin, fluorouracil, and leucovorin, for the first-line treatment of metastatic pancreatic adenocarcinoma.","https://www.fda.gov/drugs/resources-information-approved-drugs/fda-approves-irinotecan-liposome-first-line-treatment-metastatic-pancreatic-adenocarcinoma","2/13/2024"
"109","FDA approves erdafitinib for locally advanced or metastatic urothelial carcinoma","On January 19, 2024, the Food and Drug Administration approved erdafitinib (Balversa, Janssen Biotech) for adult patients with locally advanced or metastatic urothelial carcinoma (mUC) with susceptible FGFR3 genetic alterations, as determined by an FDA-approved companion diagnostic test, whose disease has progressed on or after at least one line of prior systemic therapy. Erdafitinib is not recommended for the treatment of patients who are eligible for and have not received prior PD-1 or PD-L1 inhibitor therapy. This approval amends the indication previously granted under accelerated approval for patients with mUC with susceptible FGFR3 or FGFR2 alterations after prior platinum-containing chemotherapy.","https://www.fda.gov/drugs/resources-information-approved-drugs/fda-approves-erdafitinib-locally-advanced-or-metastatic-urothelial-carcinoma","1/18/2024"
"110","FDA approves pembrolizumab with chemoradiotherapy for FIGO 2014 Stage III-IVA cervical cancer","On January 12, 2024, the Food and Drug Administration approved pembrolizumab (Keytruda, Merck) with chemoradiotherapy (CRT) for patients with FIGO 2014 Stage III-IVA cervical cancer.","https://www.fda.gov/drugs/resources-information-approved-drugs/fda-approves-pembrolizumab-chemoradiotherapy-figo-2014-stage-iii-iva-cervical-cancer","1/12/2024"
"111","FDA approves enfortumab vedotin-ejfv with pembrolizumab for locally advanced or metastatic urothelial cancer","On December 15, 2023, the Food and Drug Administration (FDA) approved enfortumab vedotin-ejfv (Padcev, Astellas Pharma) in combination with pembrolizumab (Keytruda, Merck) for patients with locally advanced or metastatic urothelial cancer (la/mUC). FDA previously granted accelerated approval to this combination for patients with la/mUC who are ineligible for cisplatin-containing chemotherapy.","https://www.fda.gov/drugs/resources-information-approved-drugs/fda-approves-enfortumab-vedotin-ejfv-pembrolizumab-locally-advanced-or-metastatic-urothelial-cancer","12/15/2023"
"112","FDA approves belzutifan for advanced renal cell carcinoma","On December 14, 2023, the Food and Drug Administration approved belzutifan (Welireg, Merck & Co., Inc.) for patients with advanced renal cell carcinoma (RCC) following a programmed death receptor-1 (PD-1) or programmed death-ligand 1 (PD-L1) inhibitor and a vascular endothelial growth factor tyrosine kinase inhibitor (VEGF-TKI).","https://www.fda.gov/drugs/resources-information-approved-drugs/fda-approves-belzutifan-advanced-renal-cell-carcinoma","12/14/2023"
"113","FDA approves eflornithine for adult and pediatric patients with high-risk neuroblastoma","On December 13, 2023, the Food and Drug Administration approved eflornithine (IWILFIN, USWM, LLC) to reduce the risk of relapse in adult and pediatric patients with high-risk neuroblastoma (HRNB) who have demonstrated at least a partial response to prior multiagent, multimodality therapy including anti-GD2 immunotherapy.","https://www.fda.gov/drugs/resources-information-approved-drugs/fda-approves-eflornithine-adult-and-pediatric-patients-high-risk-neuroblastoma","12/13/2023"
"114","FDA grants accelerated approval to pirtobrutinib for chronic lymphocytic leukemia and small lymphocytic lymphoma","On December 1, 2023, the Food and Drug Administration granted accelerated approval to pirtobrutinib (Jaypirca, Eli Lilly and Company) for adults with chronic lymphocytic leukemia or small lymphocytic lymphoma (CLL/SLL) who have received at least two prior lines of therapy, including a BTK inhibitor and a BCL-2 inhibitor.","https://www.fda.gov/drugs/resources-information-approved-drugs/fda-grants-accelerated-approval-pirtobrutinib-chronic-lymphocytic-leukemia-and-small-lymphocytic","12/1/2023"
"115","FDA approves nirogacestat for desmoid tumors","On November 27, 2023, the Food and Drug Administration approved nirogacestat (OGSIVEO, SpringWorks Therapeutics, Inc.) for adult patients with progressing desmoid tumors who require systemic treatment. This is the first approved treatment for desmoid tumors.","https://www.fda.gov/drugs/resources-information-approved-drugs/fda-approves-nirogacestat-desmoid-tumors","11/27/2023"
"116","FDA approves enzalutamide for non-metastatic castration-sensitive prostate cancer with biochemical recurrence","On November 16, 2023, the Food and Drug Administration approved enzalutamide (Xtandi, Astellas Pharma US, Inc.) for non-metastatic castration-sensitive prostate cancer (nmCSPC) with biochemical recurrence at high risk for metastasis (high-risk BCR).","https://www.fda.gov/drugs/resources-information-approved-drugs/fda-approves-enzalutamide-non-metastatic-castration-sensitive-prostate-cancer-biochemical-recurrence","11/17/2023"
"117","FDA approves capivasertib with fulvestrant for breast cancer","On November 16, 2023, the Food and Drug Administration approved capivasertib (Truqap, AstraZeneca Pharmaceuticals) with fulvestrant for adult patients with hormone receptor (HR)-positive, human epidermal growth factor receptor 2 (HER2)-negative locally advanced or metastatic breast cancer with one or more PIK3CA/AKT1/PTEN-alterations, as detected by an FDA-approved test, following progression on at least one endocrine-based regimen in the metastatic setting or recurrence on or within 12 months of completing adjuvant therapy.","https://www.fda.gov/drugs/resources-information-approved-drugs/fda-approves-capivasertib-fulvestrant-breast-cancer","11/16/2023"
"118","FDA approves pembrolizumab with chemotherapy for HER2-negative gastric or gastroesophageal junction adenocarcinoma","On November 16, 2023, the Food and Drug Administration approved pembrolizumab (Keytruda, Merck) with fluoropyrimidine- and platinum-containing chemotherapy for the first-line treatment of adults with locally advanced unresectable or metastatic HER2-negative gastric or gastroesophageal junction (GEJ) adenocarcinoma.","https://www.fda.gov/drugs/resources-information-approved-drugs/fda-approves-pembrolizumab-chemotherapy-her2-negative-gastric-or-gastroesophageal-junction","11/16/2023"
"119","FDA approves repotrectinib for ROS1-positive non-small cell lung cancer","On November 15, 2023, the Food and Drug Administration approved repotrectinib (Augtyro, Bristol-Myers Squibb Company) for locally advanced or metastatic ROS1-positive non-small cell lung cancer (NSCLC).","https://www.fda.gov/drugs/resources-information-approved-drugs/fda-approves-repotrectinib-ros1-positive-non-small-cell-lung-cancer","11/15/2023"
"120","FDA approves fruquintinib in refractory metastatic colorectal cancer","On November 8, 2023, the Food and Drug Administration approved fruquintinib (Fruzaqla, Takeda Pharmaceuticals, Inc.) for adult patients with metastatic colorectal cancer (mCRC) who received prior fluoropyrimidine-, oxaliplatin-, and irinotecan-based chemotherapy, an anti-VEGF therapy, and, if RAS wild-type and medically appropriate, an anti-EGFR therapy.","https://www.fda.gov/drugs/resources-information-approved-drugs/fda-approves-fruquintinib-refractory-metastatic-colorectal-cancer","11/8/2023"
"121","FDA amends pembrolizumab’s gastric cancer indication","On November 7, 2023, the Food and Drug Administration revised the existing indication of pembrolizumab (Keytruda, Merck) with trastuzumab, fluoropyrimidine, and platinum-containing chemotherapy for the first-line treatment of patients with locally advanced unresectable or metastatic HER2-positive gastric or gastroesophageal junction (GEJ) adenocarcinoma. This updated indication, which remains approved under accelerated approval regulations, restricts its use to patients whose tumors express PD-L1 (CPS ≥ 1) as determined by an FDA-approved test.","https://www.fda.gov/drugs/resources-information-approved-drugs/fda-amends-pembrolizumabs-gastric-cancer-indication","11/7/2023"
"122","FDA approves pembrolizumab with chemotherapy for biliary tract cancer","On October 31, 2023, the Food and Drug Administration approved pembrolizumab (Keytruda, Merck) to be used with gemcitabine and cisplatin for locally advanced unresectable or metastatic biliary tract cancer (BTC).","https://www.fda.gov/drugs/resources-information-approved-drugs/fda-approves-pembrolizumab-chemotherapy-biliary-tract-cancer","10/31/2023"
"123","FDA approves toripalimab-tpzi for nasopharyngeal carcinoma","On October 27, 2023, the Food and Drug Administration approved toripalimab-tpzi (LOQTORZ, Coherus BioSciences, Inc.) with cisplatin and gemcitabine for the first-line treatment of adults with metastatic or recurrent, locally advanced nasopharyngeal carcinoma (NPC). FDA also approved toripalimab-tpzi as a single agent for adults with recurrent unresectable or metastatic NPC with disease progression on or after a platinum-containing chemotherapy.","https://www.fda.gov/drugs/resources-information-approved-drugs/fda-approves-toripalimab-tpzi-nasopharyngeal-carcinoma","10/27/2023"
"124","FDA approves ivosidenib for myelodysplastic syndromes","On October 24, 2023, the Food and Drug Administration approved ivosidenib (Tibsovo, Servier Pharmaceuticals LLC) for adult patients with relapsed or refractory myelodysplastic syndromes (MDS) with a susceptible isocitrate dehydrogenase-1 (IDH1) mutation, as detected by an FDA-approved test.","https://www.fda.gov/drugs/resources-information-approved-drugs/fda-approves-ivosidenib-myelodysplastic-syndromes","10/24/2023"
"125","FDA expands pediatric indication for entrectinib and approves new pellet formulation","On October 20, 2023, the Food and Drug Administration granted accelerated approval to entrectinib (Rozlytrek, Genentech Inc.) for pediatric patients older than 1 month with solid tumors that have a neurotrophic tyrosine receptor kinase (NTRK) gene fusion without a known acquired resistance mutation, are metastatic or where surgical resection is likely to result in severe morbidity, and have progressed following treatment or have no satisfactory standard therapy. In August 2019, FDA granted accelerated approval to entrectinib for pediatric patients 12 years of age and older for this indication.","https://www.fda.gov/drugs/resources-information-approved-drugs/fda-expands-pediatric-indication-entrectinib-and-approves-new-pellet-formulation","10/20/2023"
"126","FDA approves neoadjuvant/ adjuvant pembrolizumab for resectable non-small cell lung cancer","On October 16, 2023, the Food and Drug Administration approved pembrolizumab (Keytruda, Merck) with platinum-containing chemotherapy as neoadjuvant treatment, and with continuation of single-agent pembrolizumab as post-surgical adjuvant treatment for resectable (tumors ≥4 cm or node positive) non-small cell lung cancer (NSCLC).","https://www.fda.gov/drugs/resources-information-approved-drugs/fda-approves-neoadjuvant-adjuvant-pembrolizumab-resectable-non-small-cell-lung-cancer","10/16/2023"
"127","FDA approves nivolumab for adjuvant treatment of Stage IIB/C melanoma","On October 13, 2023, the Food and Drug Administration approved nivolumab (Opdivo, Bristol-Myers Squibb Company) for the adjuvant treatment of completely resected Stage IIB/C melanoma in patients 12 years and older.","https://www.fda.gov/drugs/resources-information-approved-drugs/fda-approves-nivolumab-adjuvant-treatment-stage-iibc-melanoma","10/13/2023"
"128","FDA approves encorafenib with binimetinib for metastatic non-small cell lung cancer with a BRAF V600E mutation","On October 11, 2023, the Food and Drug Administration approved encorafenib (Braftovi, Array BioPharma Inc., a wholly owned subsidiary of Pfizer) with binimetinib (Mektovi, Array BioPharma Inc.) for adult patients with metastatic non-small cell lung cancer (NSCLC) with a BRAF V600E mutation, as detected by an FDA-approved test.","https://www.fda.gov/drugs/resources-information-approved-drugs/fda-approves-encorafenib-binimetinib-metastatic-non-small-cell-lung-cancer-braf-v600e-mutation","10/11/2023"
"129","FDA approves bosutinib for pediatric patients with chronic myelogenous leukemia ","On September 26, 2023, the Food and Drug Administration approved bosutinib (Bosulif, Pfizer) for pediatric patients 1 year of age and older with chronic phase (CP) Ph+ chronic myelogenous leukemia (CML) that is newly diagnosed (ND) or resistant or intolerant (R/I) to prior therapy. The FDA also approved a new capsule dosage form available in strengths of 50 mg and 100 mg.","https://www.fda.gov/drugs/resources-information-approved-drugs/fda-approves-bosutinib-pediatric-patients-chronic-myelogenous-leukemia","9/26/2023"
"130","FDA approves new and updated indications for temozolomide under Project Renewal","On September 14, 2023, the Food and Drug Administration (FDA) approved updated labeling for temozolomide (Temodar, Merck) under Project Renewal, an Oncology Center of Excellence (OCE) initiative aimed at updating labeling information for older oncology drugs to ensure information is clinically meaningful and scientifically up-to-date. This is the second drug to receive a labeling update under this pilot program. The first drug that received approval under Project Renewal was capecitabine (Xeloda).","https://www.fda.gov/drugs/resources-information-approved-drugs/fda-approves-new-and-updated-indications-temozolomide-under-project-renewal","9/14/2023"
"131","FDA approves melphalan as a liver-directed treatment for uveal melanoma","On August 14, 2023, the Food and Drug Administration approved HEPZATO KIT (melphalan for Injection/Hepatic Delivery System) containing melphalan (HEPZATO, Delcath Systems, Inc.) as a liver-directed treatment for adult patients with uveal melanoma with unresectable hepatic metastases affecting less than 50% of the liver and no extrahepatic disease, or extrahepatic disease limited to the bone, lymph nodes, subcutaneous tissues, or lung that is amenable to resection or radiation.","https://www.fda.gov/drugs/resources-information-approved-drugs/fda-approves-melphalan-liver-directed-treatment-uveal-melanoma","8/14/2023"
"132","FDA grants accelerated approval to elranatamab-bcmm for multiple myeloma","On August 14, 2023, the Food and Drug Administration granted accelerated approval to elranatamab-bcmm (Elrexfio, Pfizer, Inc.), a bispecific B-cell maturation antigen (BCMA)-directed CD3 T-cell engager, for adults with relapsed or refractory multiple myeloma who have received at least four prior lines of therapy, including a proteasome inhibitor, an immunomodulatory agent, and an anti-CD38 monoclonal antibody. ","https://www.fda.gov/drugs/resources-information-approved-drugs/fda-grants-accelerated-approval-elranatamab-bcmm-multiple-myeloma","8/14/2023"
"133","FDA approves niraparib and abiraterone acetate plus prednisone for BRCA-mutated metastatic castration-resistant prostate cancer","On August 11, 2023, the Food and Drug Administration approved the fixed dose combination of niraparib and abiraterone acetate (Akeega, Janssen Biotech, Inc.), with prednisone, for adult patients with deleterious or suspected deleterious BRCA-mutated castration-resistant prostate cancer (mCRPC), as determined by an FDA-approved test. ","https://www.fda.gov/drugs/resources-information-approved-drugs/fda-approves-niraparib-and-abiraterone-acetate-plus-prednisone-brca-mutated-metastatic-castration","8/11/2023"
"134","FDA grants accelerated approval to talquetamab-tgvs for relapsed or refractory multiple myeloma","On August 9, 2023, the Food and Drug Administration granted accelerated approval to talquetamab-tgvs (Talvey, Janssen Biotech, Inc.) adults with relapsed or refractory multiple myeloma who have received at least four prior lines of therapy, including a proteasome inhibitor, an immunomodulatory agent, and an anti-CD38 monoclonal antibody.","https://www.fda.gov/drugs/resources-information-approved-drugs/fda-grants-accelerated-approval-talquetamab-tgvs-relapsed-or-refractory-multiple-myeloma","8/9/2023"
"135","FDA approves pralsetinib for non-small cell lung cancer with RET gene fusions","On August 9, 2023, the Food and Drug Administration granted regular approval to pralsetinib (Gavreto, Genentech, Inc.) for adult patients with metastatic rearranged during transfection (RET) fusion-positive non-small cell lung cancer (NSCLC) as detected by an FDA-approved test.","https://www.fda.gov/drugs/drug-approvals-and-databases/fda-approves-pralsetinib-non-small-cell-lung-cancer-ret-gene-fusions","8/9/2023"
"136","FDA approves trifluridine and tipiracil with bevacizumab for previously treated metastatic colorectal cancer","On August 2, 2023, the Food and Drug Administration approved trifluridine and tipiracil (LONSURF, Taiho Oncology, Inc.) with bevacizumab, for metastatic colorectal cancer (mCRC) previously treated with fluoropyrimidine-, oxaliplatin- and irinotecan-based chemotherapy, an anti-VEGF biological therapy, and if RAS wild-type, an anti-EGFR therapy. FDA had previously approved single-agent LONSURF for this indication in September 2015.","https://www.fda.gov/drugs/drug-approvals-and-databases/fda-approves-trifluridine-and-tipiracil-bevacizumab-previously-treated-metastatic-colorectal-cancer","8/2/2023"
"137","FDA approves dostarlimab-gxly with chemotherapy for endometrial cancer","On July 31, 2023, the Food and Drug Administration approved dostarlimab-gxly (Jemperli, GlaxoSmithKline) with carboplatin and paclitaxel, followed by single-agent dostarlimab-gxly, for primary advanced or recurrent endometrial cancer (EC) that is mismatch repair deficient (dMMR), as determined by an FDA-approved test, or microsatellite instability-high (MSI-H).","https://www.fda.gov/drugs/drug-approvals-and-databases/fda-approves-dostarlimab-gxly-chemotherapy-endometrial-cancer","7/31/2023"
"138","FDA approves quizartinib for newly diagnosed acute myeloid leukemia","On July 20, 2023, the Food and Drug Administration approved quizartinib (Vanflyta, Daiichi Sankyo, Inc.) with standard cytarabine and anthracycline induction and cytarabine consolidation, and as maintenance monotherapy following consolidation chemotherapy, for the treatment of adult patients with newly diagnosed acute myeloid leukemia (AML) that is FLT3 internal tandem duplication (ITD)-positive, as detected by an FDA-approved test.","https://www.fda.gov/drugs/drug-approvals-and-databases/fda-approves-quizartinib-newly-diagnosed-acute-myeloid-leukemia","7/20/2023"
"139","FDA approves talazoparib with enzalutamide for HRR gene-mutated metastatic castration-resistant prostate cancer","On June 20, 2023, the Food and Drug Administration approved talazoparib (Talzenna, Pfizer, Inc.) with enzalutamide for homologous recombination repair (HRR) gene-mutated metastatic castration-resistant prostate cancer (mCRPC).","https://www.fda.gov/drugs/drug-approvals-and-databases/fda-approves-talazoparib-enzalutamide-hrr-gene-mutated-metastatic-castration-resistant-prostate","6/20/2023"
"140","FDA grants accelerated approval to glofitamab-gxbm for selected relapsed or refractory large B-cell lymphomas","On June 15, 2023, the Food and Drug Administration granted accelerated approval to glofitamab-gxbm (Columvi, Genentech, Inc.) for relapsed or refractory diffuse large B-cell lymphoma, not otherwise specified (DLBCL, NOS) or large B-cell lymphoma (LBCL) arising from follicular lymphoma, after two or more lines of systemic therapy.","https://www.fda.gov/drugs/drug-approvals-and-databases/fda-grants-accelerated-approval-glofitamab-gxbm-selected-relapsed-or-refractory-large-b-cell","6/16/2023"
"141","FDA approves olaparib with abiraterone and prednisone (or prednisolone) for BRCA-mutated metastatic castration-resistant prostate cancer","On May 31, 2023, the Food and Drug Administration approved olaparib (Lynparza, AstraZeneca Pharmaceuticals LP) with abiraterone and prednisone (or prednisolone) for adult patients with deleterious or suspected deleterious BRCA-mutated (BRCAm) metastatic castration-resistant prostate cancer (mCRPC), as determined by an FDA-approved companion diagnostic test.","https://www.fda.gov/drugs/drug-approvals-and-databases/fda-approves-olaparib-abiraterone-and-prednisone-or-prednisolone-brca-mutated-metastatic-castration","5/31/2023"
"142","FDA grants accelerated approval to epcoritamab-bysp for relapsed or refractory diffuse large B-cell lymphoma and high-grade B-cell lymphoma","On May 19, 2023, the Food and Drug Administration granted accelerated approval to epcoritamab-bysp (Epkinly, Genmab US, Inc.) for relapsed or refractory diffuse large B-cell lymphoma (DLBCL) not otherwise specified, including DLBCL arising from indolent lymphoma, and high-grade B-cell lymphoma after two or more lines of systemic therapy.","https://www.fda.gov/drugs/drug-approvals-and-databases/fda-grants-accelerated-approval-epcoritamab-bysp-relapsed-or-refractory-diffuse-large-b-cell","5/19/2023"
"143","FDA approves polatuzumab vedotin-piiq for previously untreated diffuse large B-cell lymphoma, not otherwise specified, and high-grade B-cell lymphoma","On April 19, 2023, the Food and Drug Administration approved polatuzumab vedotin-piiq (Polivy, Genentech, Inc.) with a rituximab product, cyclophosphamide, doxorubicin, and prednisone (R-CHP) for adult patients who have previously untreated diffuse large B-cell lymphoma (DLBCL), not otherwise specified (NOS), or high-grade B-cell lymphoma (HGBL) and who have an International Prognostic Index (IPI) score of 2 or greater.","https://www.fda.gov/drugs/resources-information-approved-drugs/fda-approves-polatuzumab-vedotin-piiq-previously-untreated-diffuse-large-b-cell-lymphoma-not","4/19/2023"
"144","FDA approves omidubicel to reduce time to neutrophil recovery and infection in patients with hematologic malignancies","On April 17, 2023, the Food and Drug Administration approved omidubicel-onlv (Omisirge, Gamida Cell Ltd.) for use in adult and pediatric patients (12 years and older) with hematologic malignancies who are planned for umbilical cord blood transplantation following myeloablative conditioning to reduce the time to neutrophil recovery and the incidence of infection.","https://www.fda.gov/drugs/resources-information-approved-drugs/fda-approves-omidubicel-reduce-time-neutrophil-recovery-and-infection-patients-hematologic","4/17/2023"
"145","FDA grants accelerated approval to enfortumab vedotin-ejfv with pembrolizumab for locally advanced or metastatic urothelial carcinoma","On April 3, 2023, the Food and Drug Administration granted accelerated approval to enfortumab vedotin-ejfv (Padcev, Astellas Pharma) with pembrolizumab (Keytruda, Merck) for patients with locally advanced or metastatic urothelial carcinoma who are ineligible for cisplatin-containing chemotherapy.","https://www.fda.gov/drugs/resources-information-approved-drugs/fda-grants-accelerated-approval-enfortumab-vedotin-ejfv-pembrolizumab-locally-advanced-or-metastatic","4/3/2023"
"146","FDA grants accelerated approval to retifanlimab-dlwr for metastatic or recurrent locally advanced Merkel cell carcinoma","On March 22, 2023, the Food and Drug Administration granted accelerated approval to retifanlimab-dlwr (Zynyz, Incyte Corporation) for adult patients with metastatic or recurrent locally advanced Merkel cell carcinoma (MCC).","https://www.fda.gov/drugs/resources-information-approved-drugs/fda-grants-accelerated-approval-retifanlimab-dlwr-metastatic-or-recurrent-locally-advanced-merkel","3/22/2023"
"147","FDA approves dabrafenib with trametinib for pediatric patients with low-grade glioma with a BRAF V600E mutation","On March 16, 2023, the Food and Drug Administration approved dabrafenib (Tafinlar, Novartis) with trametinib (Mekinist, Novartis) for pediatric patients 1 year of age and older with low-grade glioma (LGG) with a BRAF V600E mutation who require systemic therapy. The FDA also approved new oral formulations of both drugs suitable for patients who cannot swallow pills.","https://www.fda.gov/drugs/resources-information-approved-drugs/fda-approves-dabrafenib-trametinib-pediatric-patients-low-grade-glioma-braf-v600e-mutation","3/16/2023"
"148","FDA expands early breast cancer indication for abemaciclib with endocrine therapy","On March 3, 2023, the Food and Drug Administration (FDA) approved abemaciclib (Verzenio, Eli Lilly and Company) with endocrine therapy (tamoxifen or an aromatase inhibitor) for the adjuvant treatment of adult patients with hormone receptor (HR)-positive, human epidermal growth factor receptor 2 (HER2)-negative, node-positive, early breast cancer at high risk of recurrence.","https://www.fda.gov/drugs/resources-information-approved-drugs/fda-expands-early-breast-cancer-indication-abemaciclib-endocrine-therapy","3/3/2023"
"149","FDA grants regular approval to dostarlimab-gxly for dMMR endometrial cancer","On February 9, 2023, the Food and Drug Administration (FDA) approved dostarlimab-gxly (Jemperli, GlaxoSmithKline LLC) for adult patients with mismatch repair deficient (dMMR) recurrent or advanced endometrial cancer, as determined by an FDA-approved test, that has progressed on or following a prior platinum-containing regimen in any setting and are not candidates for curative surgery or radiation.","https://www.fda.gov/drugs/resources-information-approved-drugs/fda-grants-regular-approval-dostarlimab-gxly-dmmr-endometrial-cancer","2/9/2023"
"150","FDA approves sacituzumab govitecan-hziy for HR-positive breast cancer","On February 3, 2023, the Food and Drug Administration (FDA) approved sacituzumab govitecan-hziy (Trodelvy, Gilead Sciences, Inc.) for unresectable locally advanced or metastatic hormone receptor (HR)-positive, human epidermal growth factor receptor 2 (HER2)-negative (IHC 0, IHC 1+ or IHC 2+/ISH-) breast cancer who have received endocrine-based therapy and at least two additional systemic therapies in the metastatic setting.","https://www.fda.gov/drugs/resources-information-approved-drugs/fda-approves-sacituzumab-govitecan-hziy-hr-positive-breast-cancer","2/3/2023"
"151","FDA approves elacestrant for ER-positive, HER2-negative, ESR1-mutated advanced or metastatic breast cancer","On January 27, 2023, the Food and Drug Administration (FDA) approved elacestrant (Orserdu, Stemline Therapeutics, Inc.) for postmenopausal women or adult men with ER-positive, HER2-negative, ESR1-mutated advanced or metastatic breast cancer with disease progression following at least one line of endocrine therapy. ","https://www.fda.gov/drugs/resources-information-approved-drugs/fda-approves-elacestrant-er-positive-her2-negative-esr1-mutated-advanced-or-metastatic-breast-cancer","1/27/2023"
"152","FDA grants accelerated approval to pirtobrutinib for relapsed or refractory mantle cell lymphoma","On January 27, 2023, the Food and Drug Administration (FDA) granted accelerated approval to pirtobrutinib (Jaypirca, Eli Lilly and Company) for relapsed or refractory mantle cell lymphoma (MCL) after at least two lines of systemic therapy, including a BTK inhibitor. ","https://www.fda.gov/drugs/resources-information-approved-drugs/fda-grants-accelerated-approval-pirtobrutinib-relapsed-or-refractory-mantle-cell-lymphoma","1/27/2023"
"153","FDA approves pembrolizumab as adjuvant treatment for non-small cell lung cancer","On January 26, 2023, the Food and Drug Administration (FDA) approved pembrolizumab (Keytruda, Merck) for adjuvant treatment following resection and platinum-based chemotherapy for stage IB (T2a ≥4 cm), II, or IIIA non-small cell lung cancer (NSCLC).","https://www.fda.gov/drugs/resources-information-approved-drugs/fda-approves-pembrolizumab-adjuvant-treatment-non-small-cell-lung-cancer","1/26/2023"
"154","FDA approves zanubrutinib for chronic lymphocytic leukemia or small lymphocytic lymphoma","On January 19, 2023, the Food and Drug Administration (FDA) approved zanubrutinib (Brukinsa, BeiGene USA, Inc.) for chronic lymphocytic leukemia (CLL) or small lymphocytic lymphoma (SLL).","https://www.fda.gov/drugs/resources-information-approved-drugs/fda-approves-zanubrutinib-chronic-lymphocytic-leukemia-or-small-lymphocytic-lymphoma","1/19/2023"
"155","FDA grants accelerated approval to tucatinib with trastuzumab for colorectal cancer","On January 19, 2023, the Food and Drug Administration (FDA) granted accelerated approval to tucatinib (Tukysa, Seagen Inc.) in combination with trastuzumab for RAS wild-type HER2-positive unresectable or metastatic colorectal cancer that has progressed following fluoropyrimidine-, oxaliplatin-, and irinotecan-based chemotherapy.","https://www.fda.gov/drugs/resources-information-approved-drugs/fda-grants-accelerated-approval-tucatinib-trastuzumab-colorectal-cancer","1/19/2023"
"156","FDA grants accelerated approval to mosunetuzumab-axgb for relapsed or refractory follicular lymphoma","On December 22, 2022, the Food and Drug Administration (FDA) granted accelerated approval to mosunetuzumab-axgb (Lunsumio, Genentech, Inc.), a bispecific CD20-directed CD3 T-cell engager for adult patients with relapsed or refractory follicular lymphoma (FL) after two or more lines of systemic therapy. ","https://www.fda.gov/drugs/resources-information-approved-drugs/fda-grants-accelerated-approval-mosunetuzumab-axgb-relapsed-or-refractory-follicular-lymphoma","12/23/2022"
"157","FDA approves first adenoviral vector-based gene therapy for high-risk Bacillus Calmette-Guérin unresponsive non-muscle invasive bladder cancer","On December 16, 2022, the Food and Drug Administration approved nadofaragene firadenovec-vncg (Adstiladrin, Ferring Pharmaceuticals) for adult patients with high-risk Bacillus Calmette-Guérin (BCG) unresponsive non-muscle invasive bladder cancer (NMIBC) with carcinoma in situ (CIS) with or without papillary tumors.","https://www.fda.gov/drugs/resources-information-approved-drugs/fda-approves-first-adenoviral-vector-based-gene-therapy-high-risk-bacillus-calmette-guerin","12/16/2022"
"158","FDA approves updated drug labeling including new indications and dosing regimens for capecitabine tablets under Project Renewal","On December 14, 2022, the Food and Drug Administration approved updated labeling for capecitabine tablets (Xeloda, Genentech, Inc.) under Project Renewal, an Oncology Center of Excellence (OCE) initiative aimed at updating labeling information for certain older oncology drugs to ensure information is clinically meaningful and scientifically up to date. ","https://www.fda.gov/drugs/resources-information-approved-drugs/fda-approves-updated-drug-labeling-including-new-indications-and-dosing-regimens-capecitabine","12/14/2022"
"159","FDA grants accelerated approval to adagrasib for KRAS G12C-mutated NSCLC","On December 12, 2022, the Food and Drug Administration (FDA) granted accelerated approval to adagrasib (Krazati, Mirati Therapeutics, Inc.), a RAS GTPase family inhibitor, for adult patients with KRAS G12C¬-mutated locally advanced or metastatic non-small cell lung cancer (NSCLC), as determined by an FDA-approved test, who have received at least one prior systemic therapy.","https://www.fda.gov/drugs/resources-information-approved-drugs/fda-grants-accelerated-approval-adagrasib-kras-g12c-mutated-nsclc","12/12/2022"
"160","FDA grants approval to atezolizumab for alveolar soft part sarcoma","On December 9, 2022, the Food and Drug Administration (FDA) approved atezolizumab (Tecentriq, Genentech, Inc.) for adult and pediatric patients 2 years of age and older with unresectable or metastatic alveolar soft part sarcoma (ASPS).","https://www.fda.gov/drugs/resources-information-approved-drugs/fda-grants-approval-atezolizumab-alveolar-soft-part-sarcoma","12/9/2022"
"161","FDA approves olutasidenib for relapsed or refractory acute myeloid leukemia with a susceptible IDH1 mutation","On December 1, 2022, the Food and Drug Administration (FDA) approved olutasidenib (Rezlidhia) capsules for adult patients with relapsed or refractory acute myeloid leukemia (AML) with a susceptible IDH1 mutation as detected by an FDA-approved test.","https://www.fda.gov/drugs/resources-information-approved-drugs/fda-approves-olutasidenib-relapsed-or-refractory-acute-myeloid-leukemia-susceptible-idh1-mutation","12/1/2022"
"162","FDA approves a new dosing regimen for asparaginase erwinia chrysanthemi (recombinant)","On November 18, 2022, the Food and Drug Administration approved a new Monday-Wednesday-Friday dosing regimen for asparaginase erwinia chrysanthemi (recombinant)-rywn (Rylaze, Jazz Pharmaceuticals). Under the new regimen, patients should receive 25 mg/m2 intramuscularly on Monday and Wednesday mornings, and 50 mg/m2 intramuscularly on Friday afternoon. It also is approved to be administered every 48 hours at a dose of 25 mg/m2 intramuscularly.","https://www.fda.gov/drugs/resources-information-approved-drugs/fda-approves-new-dosing-regimen-asparaginase-erwinia-chrysanthemi-recombinant","11/18/2022"
"163","FDA grants accelerated approval to mirvetuximab soravtansine-gynx for FRα positive, platinum-resistant epithelial ovarian, fallopian tube, or peritoneal cancer","On November 14, 2022, the Food and Drug Administration granted accelerated approval to mirvetuximab soravtansine-gynx (Elahere, ImmunoGen, Inc.) for adult patients with folate receptor alpha (FRα) positive, platinum-resistant epithelial ovarian, fallopian tube, or primary peritoneal cancer, who have received one to three prior systemic treatment regimens. Mirvetuximab soravtansine-gynx is a folate receptor alpha directed antibody and microtubule inhibitor conjugate. Patients are selected for therapy based on an FDA-approved test.","https://www.fda.gov/drugs/resources-information-approved-drugs/fda-grants-accelerated-approval-mirvetuximab-soravtansine-gynx-fra-positive-platinum-resistant","11/14/2022"
"164","FDA approves tremelimumab in combination with durvalumab and platinum-based chemotherapy for metastatic non-small cell lung cancer","On November 10, 2022, the Food and Drug Administration approved tremelimumab (Imjudo, AstraZeneca Pharmaceuticals) in combination with durvalumab (Imfinzi, AstraZeneca Pharmaceuticals) and platinum-based chemotherapy for adult patients with metastatic non-small cell lung cancer (NSCLC) with no sensitizing epidermal growth factor receptor (EGFR) mutation or anaplastic lymphoma kinase (ALK) genomic tumor aberrations.","https://www.fda.gov/drugs/resources-information-approved-drugs/fda-approves-tremelimumab-combination-durvalumab-and-platinum-based-chemotherapy-metastatic-non","11/10/2022"
"165","FDA approves brentuximab vedotin in combination with chemotherapy for pediatric patients with classical Hodgkin lymphoma","On November 10, 2022, the Food and Drug Administration approved brentuximab vedotin (Adcetris, Seagen, Inc.) in combination with doxorubicin, vincristine, etoposide, prednisone, and cyclophosphamide for pediatric patients 2 years of age and older with previously untreated high risk classical Hodgkin lymphoma (cHL). This is the first pediatric approval for brentuximab vedotin.","https://www.fda.gov/drugs/resources-information-approved-drugs/fda-approves-brentuximab-vedotin-combination-chemotherapy-pediatric-patients-classical-hodgkin","11/10/2022"
"166","FDA approves cemiplimab-rwlc in combination with platinum-based chemotherapy for non-small cell lung cancer","On November 8, 2022, the Food and Drug Administration approved cemiplimab-rwlc (Libtayo, Regeneron Pharmaceuticals, Inc.) in combination with platinum-based chemotherapy for adult patients with advanced non-small cell lung cancer (NSCLC) with no EGFR, ALK, or ROS1 aberrations.","https://www.fda.gov/drugs/resources-information-approved-drugs/fda-approves-cemiplimab-rwlc-combination-platinum-based-chemotherapy-non-small-cell-lung-cancer","11/8/2022"
"167","FDA approves teclistamab-cqyv for relapsed or refractory multiple myeloma","On October 25, 2022, the Food and Drug Administration granted accelerated approval to teclistamab-cqyv (Tecvayli, Janssen Biotech, Inc.), the first bispecific B-cell maturation antigen (BCMA)-directed CD3 T-cell engager, for adult patients with relapsed or refractory multiple myeloma who have received at least four prior lines of therapy, including a proteasome inhibitor, an immunomodulatory agent, and an anti-CD38 monoclonal antibody.","https://www.fda.gov/drugs/resources-information-approved-drugs/fda-approves-teclistamab-cqyv-relapsed-or-refractory-multiple-myeloma","10/25/2022"
"168","FDA approves tremelimumab in combination with durvalumab for unresectable hepatocellular carcinoma","On October 21, 2022, the Food and Drug Administration approved tremelimumab (Imjudo, AstraZeneca Pharmaceuticals) in combination with durvalumab for adult patients with unresectable hepatocellular carcinoma (uHCC).","https://www.fda.gov/drugs/resources-information-approved-drugs/fda-approves-tremelimumab-combination-durvalumab-unresectable-hepatocellular-carcinoma","10/21/2022"
"169","FDA grants accelerated approval to futibatinib for cholangiocarcinoma","On September 30, 2022, the Food and Drug Administration granted accelerated approval to futibatinib (Lytgobi, Taiho Oncology, Inc.) for adult patients with previously treated, unresectable, locally advanced or metastatic intrahepatic cholangiocarcinoma harboring fibroblast growth factor receptor 2 (FGFR2) gene fusions or other rearrangements.","https://www.fda.gov/drugs/resources-information-approved-drugs/fda-grants-accelerated-approval-futibatinib-cholangiocarcinoma","9/30/2022"
"170","FDA approves selpercatinib for locally advanced or metastatic RET fusion-positive non-small cell lung cancer","On September 21, 2022, the Food and Drug Administration granted regular approval to selpercatinib (Retevmo, Eli Lilly and Company) for adult patients with locally advanced or metastatic non-small cell lung cancer (NSCLC) with a rearranged during transfection (RET) gene fusion, as detected by an FDA-approved test.","https://www.fda.gov/drugs/resources-information-approved-drugs/fda-approves-selpercatinib-locally-advanced-or-metastatic-ret-fusion-positive-non-small-cell-lung","9/21/2022"
"171","FDA approves selpercatinib for locally advanced or metastatic RET fusion-positive solid tumors","On September 21, 2022, the Food and Drug Administration granted accelerated approval to selpercatinib (Retevmo, Eli Lilly and Company) for adult patients with locally advanced or metastatic solid tumors with a rearranged during transfection (RET) gene fusion that have progressed on or following prior systemic treatment or who have no satisfactory alternative treatment options.","https://www.fda.gov/drugs/resources-information-approved-drugs/fda-approves-selpercatinib-locally-advanced-or-metastatic-ret-fusion-positive-solid-tumors","9/21/2022"
"172","FDA approves sodium thiosulfate to reduce the risk of ototoxicity associated with cisplatin in pediatric patients with localized, non-metastatic solid tumors","On September 20, 2022, the Food and Drug Administration approved sodium thiosulfate (Pedmark, Fennec Pharmaceuticals Inc.) to reduce the risk of ototoxicity associated with cisplatin in pediatric patients 1 month and older with localized, non-metastatic solid tumors.","https://www.fda.gov/drugs/resources-information-approved-drugs/fda-approves-sodium-thiosulfate-reduce-risk-ototoxicity-associated-cisplatin-pediatric-patients","9/20/2022"
"173","FDA approves durvalumab for locally advanced or metastatic biliary tract cancer","On September 2, 2022, the Food and Drug Administration approved durvalumab (Imfinzi, AstraZeneca UK Limited) in combination with gemcitabine and cisplatin for adult patients with locally advanced or metastatic biliary tract cancer (BTC).","https://www.fda.gov/drugs/resources-information-approved-drugs/fda-approves-durvalumab-locally-advanced-or-metastatic-biliary-tract-cancer","9/02/2022"
"174","FDA approves pemigatinib for relapsed or refractory myeloid/lymphoid neoplasms with FGFR1 rearrangement","On August 26, 2022, the Food and Drug Administration approved pemigatinib (Pemazyre, Incyte Corporation) for adults with relapsed or refractory myeloid/lymphoid neoplasms (MLNs) with fibroblast growth factor receptor 1 (FGFR1) rearrangement.","https://www.fda.gov/drugs/resources-information-approved-drugs/fda-approves-pemigatinib-relapsed-or-refractory-myeloidlymphoid-neoplasms-fgfr1-rearrangement","8/26/2022"
"175","FDA approves ibrutinib for pediatric patients with chronic graft versus host disease, including a new oral suspension","On August 24, 2022, the Food and Drug Administration approved ibrutinib (Imbruvica, Pharmacyclics LLC) for pediatric patients ≥ 1 year of age with chronic graft versus host disease (cGVHD) after failure of 1 or more lines of systemic therapy. Formulations include capsules, tablets, and oral suspension.","https://www.fda.gov/drugs/resources-information-approved-drugs/fda-approves-ibrutinib-pediatric-patients-chronic-graft-versus-host-disease-including-new-oral","8/24/2022"
"176","FDA grants accelerated approval to fam-trastuzumab deruxtecan-nxki for HER2-mutant non-small cell lung cancer","On August 11, 2022, the Food and Drug Administration granted accelerated approval to fam-trastuzumab deruxtecan-nxki (Enhertu, Daiichi Sankyo, Inc.) for adult patients with unresectable or metastatic non-small cell lung cancer (NSCLC) whose tumors have activating human epidermal growth factor receptor 2 HER2 (ERBB2) mutations, as detected by an FDA-approved test, and who have received a prior systemic therapy. This is the first drug approved for HER2-mutant NSCLC.","https://www.fda.gov/drugs/resources-information-approved-drugs/fda-grants-accelerated-approval-fam-trastuzumab-deruxtecan-nxki-her2-mutant-non-small-cell-lung","8/11/2022"
"177","FDA approves capmatinib for metastatic non-small cell lung cancer","On August 10, 2022, the Food and Drug Administration granted regular approval to capmatinib (Tabrecta, Novartis Pharmaceuticals Corp.) for adult patients with metastatic non-small cell lung cancer (NSCLC) whose tumors have a mutation leading to mesenchymal-epithelial transition (MET) exon 14 skipping, as detected by an FDA-approved test.","https://www.fda.gov/drugs/resources-information-approved-drugs/fda-approves-capmatinib-metastatic-non-small-cell-lung-cancer","8/10/2022"
"178","FDA approves darolutamide tablets for metastatic hormone-sensitive prostate cancer","On August 5, 2022, the Food and Drug Administration approved darolutamide (Nubeqa, Bayer HealthCare Pharmaceuticals Inc.) tablets in combination with docetaxel for adult patients with metastatic hormone-sensitive prostate cancer (mHSPC).","https://www.fda.gov/drugs/resources-information-approved-drugs/fda-approves-darolutamide-tablets-metastatic-hormone-sensitive-prostate-cancer","8/5/2022"
"179","FDA approves fam-trastuzumab deruxtecan-nxki for HER2-low breast cancer","On August 5, 2022, the Food and Drug Administration approved fam-trastuzumab deruxtecan-nxki (Enhertu, Daiichi Sankyo, Inc.) for adult patients with unresectable or metastatic HER2-low (IHC 1+ or IHC 2+/ISH‑) breast cancer who have received a prior chemotherapy in the metastatic setting or developed disease recurrence during or within six months of completing adjuvant chemotherapy.","https://www.fda.gov/drugs/resources-information-approved-drugs/fda-approves-fam-trastuzumab-deruxtecan-nxki-her2-low-breast-cancer","8/5/2022"
"180","FDA approves crizotinib for ALK-positive inflammatory myofibroblastic tumor","On July 14, 2022, the Food and Drug Administration approved crizotinib (Xalkori, Pfizer Inc.) for adult and pediatric patients 1 year of age and older with unresectable, recurrent, or refractory inflammatory anaplastic lymphoma kinase (ALK)-positive myofibroblastic tumors (IMT).","https://www.fda.gov/drugs/resources-information-approved-drugs/fda-approves-crizotinib-alk-positive-inflammatory-myofibroblastic-tumor","7/14/2022"
"181","FDA approves lisocabtagene maraleucel for second-line treatment of large B-cell lymphoma","On June 24, 2022, the Food and Drug Administration approved lisocabtagene maraleucel (Breyanzi, Juno Therapeutics, Inc.) for adult patients with large B-cell lymphoma (LBCL) who have refractory disease to first-line chemoimmunotherapy or relapse within 12 months of first-line chemoimmunotherapy; or refractory disease to first-line chemoimmunotherapy or relapse after first-line chemoimmunotherapy and are not eligible for hematopoietic stem cell transplantation (HSCT) due to comorbidities or age. It is not indicated for the treatment of patients with primary central nervous system lymphoma.","https://www.fda.gov/drugs/resources-information-approved-drugs/fda-approves-lisocabtagene-maraleucel-second-line-treatment-large-b-cell-lymphoma","6/24/2022"
"182","FDA grants accelerated approval to dabrafenib in combination with trametinib for unresectable or metastatic solid tumors with BRAF V600E mutation","On June 22, 2022, the Food and Drug Administration granted accelerated approval to dabrafenib (Tafinlar, Novartis) in combination with trametinib (Mekinist, Novartis) for the treatment of adult and pediatric patients ≥ 6 years of age with unresectable or metastatic solid tumors with BRAF V600E mutation who have progressed following prior treatment and have no satisfactory alternative treatment options.","https://www.fda.gov/drugs/resources-information-approved-drugs/fda-grants-accelerated-approval-dabrafenib-combination-trametinib-unresectable-or-metastatic-solid","6/22/2022"
"183","FDA approves tisagenlecleucel for relapsed or refractory follicular lymphoma","On May 27, 2022, the Food and Drug Administration granted accelerated approval to tisagenlecleucel (Kymriah, Novartis Pharmaceuticals Corporation) for adult patients with relapsed or refractory follicular lymphoma (FL) after two or more lines of systemic therapy.","https://www.fda.gov/drugs/resources-information-approved-drugs/fda-approves-tisagenlecleucel-relapsed-or-refractory-follicular-lymphoma","5/27/2022"
"184","FDA approves Opdivo in combination with chemotherapy and Opdivo in combination with Yervoy for first-line esophageal squamous cell carcinoma indications","On May 27, 2022, the Food and Drug Administration approved the following for the first-line treatment of patients with advanced or metastatic esophageal squamous cell carcinoma (ESCC):

nivolumab (Opdivo, Bristol-Myers Squibb Company) in combination with fluoropyrimidine- and platinum-based chemotherapy
nivolumab in combination with ipilimumab (Yervoy, Bristol-Myers Squibb Company)","https://www.fda.gov/drugs/resources-information-approved-drugs/fda-approves-opdivo-combination-chemotherapy-and-opdivo-combination-yervoy-first-line-esophageal","5/27/2022"
"185","FDA approves ivosidenib in combination with azacitidine for newly diagnosed acute myeloid leukemia","On May 25, 2022, the Food and Drug Administration approved ivosidenib (Tibsovo, Servier Pharmaceuticals LLC) in combination with azacitidine for newly diagnosed acute myeloid leukemia (AML) with a susceptible IDH1 mutation, as detected by an FDA-approved test in adults 75 years or older, or who have comorbidities that preclude use of intensive induction chemotherapy.","https://www.fda.gov/drugs/resources-information-approved-drugs/fda-approves-ivosidenib-combination-azacitidine-newly-diagnosed-acute-myeloid-leukemia","5/25/2022"
"186","FDA approves azacitidine for newly diagnosed juvenile myelomonocytic leukemia","On May 20, 2022, the Food and Drug Administration approved azacitidine (Vidaza, Celgene Corp.) for pediatric patients with newly diagnosed juvenile myelomonocytic leukemia (JMML).","https://www.fda.gov/drugs/resources-information-approved-drugs/fda-approves-azacitidine-newly-diagnosed-juvenile-myelomonocytic-leukemia","5/20/2022"
"187","FDA grants regular approval to fam-trastuzumab deruxtecan-nxki for breast cancer","On May 4, 2022, the Food and Drug Administration approved fam-trastuzumab deruxtecan-nxki (Enhertu, Daiichi Sankyo, Inc.) for adult patients with unresectable or metastatic HER2-positive breast cancer who have received a prior anti-HER2-based regimen either in the metastatic setting, or in the neoadjuvant or adjuvant setting and have developed disease recurrence during or within 6 months of completing therapy.","https://www.fda.gov/drugs/resources-information-approved-drugs/fda-grants-regular-approval-fam-trastuzumab-deruxtecan-nxki-breast-cancer","5/4/2022"
"188","FDA approves alpelisib for PIK3CA-related overgrowth spectrum ","On April 5, 2022, the Food and Drug Administration granted accelerated approval to alpelisib (Vijoice, Novartis Pharmaceuticals) for adult and pediatric patients two years of age and older with severe manifestations of PIK3CA-related overgrowth spectrum (PROS) who require systemic therapy.","https://www.fda.gov/drugs/resources-information-approved-drugs/fda-approves-alpelisib-pik3ca-related-overgrowth-spectrum","4/6/2022"
"189","FDA approves axicabtagene ciloleucel for second-line treatment of large B-cell lymphoma ","On April 1, 2022, the Food and Drug Administration approved axicabtagene ciloleucel (Yescarta, Kite Pharma, Inc.) for adult patients with large B-cell lymphoma (LBCL) that is refractory to first-line chemoimmunotherapy or relapses within 12 months of first-line chemoimmunotherapy. It is not indicated for the treatment of patients with primary central nervous system lymphoma.","https://www.fda.gov/drugs/resources-information-approved-drugs/fda-approves-axicabtagene-ciloleucel-second-line-treatment-large-b-cell-lymphoma","4/1/2022"
"190","FDA approves Pluvicto for metastatic castration-resistant prostate cancer","On March 23, 2022, the Food and Drug Administration approved Pluvicto (lutetium Lu 177 vipivotide tetraxetan, Advanced Accelerator Applications USA, Inc., a Novartis company) for the treatment of adult patients with prostate-specific membrane antigen (PSMA)-positive metastatic castration-resistant prostate cancer (mCRPC) who have been treated with androgen receptor (AR) pathway inhibition and taxane-based chemotherapy. ","https://www.fda.gov/drugs/resources-information-approved-drugs/fda-approves-pluvicto-metastatic-castration-resistant-prostate-cancer","3/23/2022"
"191","FDA approves pembrolizumab for advanced endometrial carcinoma","On March 21, 2022, the Food and Drug Administration approved pembrolizumab (Keytruda, Merck), as a single agent, for patients with advanced endometrial carcinoma that is microsatellite instability-high (MSI-H) or mismatch repair deficient (dMMR), as determined by an FDA-approved test, who have disease progression following prior systemic therapy in any setting and who are not candidates for curative surgery or radiation.","https://www.fda.gov/drugs/resources-information-approved-drugs/fda-approves-pembrolizumab-advanced-endometrial-carcinoma","3/21/2022"
"192","FDA approves Opdualag for unresectable or metastatic melanoma","On March 18, 2022, the Food and Drug Administration approved nivolumab and relatlimab-rmbw (Opdualag, Bristol-Myers Squibb Company) for adult and pediatric patients 12 years of age or older with unresectable or metastatic melanoma. Opdualag is a fixed-dose combination of the LAG-3-blocking antibody relatlimab and the programmed death receptor-1 blocking antibody nivolumab","https://www.fda.gov/drugs/resources-information-approved-drugs/fda-approves-opdualag-unresectable-or-metastatic-melanoma","3/18/2022"
"193","FDA approves olaparib for adjuvant treatment of high-risk early breast cancer","On March 11, 2022, the Food and Drug Administration approved olaparib (Lynparza, AstraZeneca Pharmaceuticals, LP) for the adjuvant treatment of adult patients with deleterious or suspected deleterious germline BRCA-mutated (gBRCAm) human epidermal growth factor receptor 2 (HER2)-negative high-risk early breast cancer who have been treated with neoadjuvant or adjuvant chemotherapy. Patients must be selected for therapy based on an FDA-approved companion diagnostic for olaparib","https://www.fda.gov/drugs/resources-information-approved-drugs/fda-approves-olaparib-adjuvant-treatment-high-risk-early-breast-cancer","3/11/2022"
"194","FDA approves neoadjuvant nivolumab and platinum-doublet chemotherapy for early-stage non-small cell lung cancer","On March 4, 2022, the Food and Drug Administration approved nivolumab (Opdivo, Bristol-Myers Squibb Company) with platinum-doublet chemotherapy for adult patients with resectable non-small cell lung cancer (NSCLC) in the neoadjuvant setting.","https://www.fda.gov/drugs/resources-information-approved-drugs/fda-approves-neoadjuvant-nivolumab-and-platinum-doublet-chemotherapy-early-stage-non-small-cell-lung","3/4/2022"
"195","FDA approves ciltacabtagene autoleucel for relapsed or refractory multiple myeloma","On February 28, 2022, the Food and Drug Administration approved ciltacabtagene autoleucel (CARVYKTI, Janssen Biotech, Inc.) for the treatment of adult patients with relapsed or refractory multiple myeloma after four or more prior lines of therapy, including a proteasome inhibitor (PI), an immunomodulatory agent (IMiD), and an anti-CD38 monoclonal antibody.","https://www.fda.gov/drugs/resources-information-approved-drugs/fda-approves-ciltacabtagene-autoleucel-relapsed-or-refractory-multiple-myeloma","2/28/2022"
"196","FDA approves tebentafusp-tebn for unresectable or metastatic uveal melanoma","On January 25, 2022, the Food and Drug Administration approved tebentafusp-tebn (Kimmtrak, Immunocore Limited), a bispecific gp100 peptide-HLA-directed CD3 T cell engager, for HLA-A*02:01-positive adult patients with unresectable or metastatic uveal melanoma. ","https://www.fda.gov/drugs/resources-information-approved-drugs/fda-approves-tebentafusp-tebn-unresectable-or-metastatic-uveal-melanoma","1/25/2022"
"197","FDA approves abatacept for prophylaxis of acute graft versus host disease ","On December 15, 2021, the Food and Drug Administration approved abatacept (Orencia, Bristol-Myers Squibb Company) for the prophylaxis of acute graft versus host disease (aGVHD), in combination with a calcineurin inhibitor (CNI) and methotrexate (MTX), in adults and pediatric patients 2 years of age and older undergoing hematopoietic stem cell transplantation (HSCT) from a matched or 1 allele-mismatched unrelated donor. ","https://www.fda.gov/drugs/resources-information-approved-drugs/fda-approves-abatacept-prophylaxis-acute-graft-versus-host-disease","12/15/2021"
"198","FDA approves pembrolizumab for adjuvant treatment of Stage IIB or IIC melanoma ","On December 3,2021, the Food and Drug Administration approved pembrolizumab (Keytruda, Merck) for the adjuvant treatment of adult and pediatric (≥12 years of age) patients with stage IIB or IIC melanoma following complete resection.","https://www.fda.gov/drugs/resources-information-approved-drugs/fda-approves-pembrolizumab-adjuvant-treatment-stage-iib-or-iic-melanoma","12/3/2021"
"199","FDA approves rituximab plus chemotherapy for pediatric cancer indications","On December 2, 2021, the Food and Drug Administration approved rituximab (Rituxan, Genentech, Inc.) in combination with chemotherapy for pediatric patients (≥6 months to <18 years) with previously untreated, advanced stage, CD20-positive diffuse large B-cell lymphoma (DLBCL), Burkitt lymphoma (BL), Burkitt-like lymphoma (BLL), or mature B-cell acute leukemia (B-AL).","https://www.fda.gov/drugs/resources-information-approved-drugs/fda-approves-rituximab-plus-chemotherapy-pediatric-cancer-indications","12/2/2021"
"200","FDA approves Darzalex Faspro, Kyprolis, and Dexamethasone for Multiple Myeloma ","On November 30, 2021, the Food and Drug Administration approved daratumumab + hyaluronidase-fihj (Darzalex Faspro, Janssen Biotech, Inc.) and carfilzomib (Kyprolis, Amgen, Inc.) plus dexamethasone foradult patients with relapsed or refractory multiple myeloma who have received 1 to 3 prior lines of therapy. ","https://www.fda.gov/drugs/resources-information-approved-drugs/fda-approves-darzalex-faspro-kyprolis-and-dexamethasone-multiple-myeloma","12/01/2021"
"201","FDA approves pafolacianine for identifying malignant ovarian cancer lesions","On November 29, 2021, the Food and Drug Administration approved pafolacianine (Cytalux, On Target Laboratories, LLC), an optical imaging agent, for adult patients with ovarian cancer as an adjunct for interoperative identification of malignant lesions. Pafolacianine is a fluorescent drug that targets folate receptor which may be overexpressed in ovarian cancer. It is used with a Near-Infrared (NIR) fluorescence imaging system cleared by the FDA for specific use with pafolacianine.","https://www.fda.gov/drugs/resources-information-approved-drugs/fda-approves-pafolacianine-identifying-malignant-ovarian-cancer-lesions","11/29/2021"
"202","FDA approves sirolimus protein-bound particles for malignant perivascular epithelioid cell tumor","On November 22, 2021, the Food and Drug Administration approved sirolimus protein-bound particles for injectable suspension (albumin-bound) (Fyarro, Aadi Bioscience, Inc.) for adult patients with locally advanced unresectable or metastatic malignant perivascular epithelioid cell tumor (PEComa).","https://www.fda.gov/drugs/resources-information-approved-drugs/fda-approves-sirolimus-protein-bound-particles-malignant-perivascular-epithelioid-cell-tumor","11/23/2021"
"203","FDA approves pembrolizumab for adjuvant treatment of renal cell carcinoma","On November 17, 2021, the Food and Drug Administration approved pembrolizumab (Keytruda, Merck) for the adjuvant treatment of patients with renal cell carcinoma (RCC) at intermediate-high or high risk of recurrence following nephrectomy, or following nephrectomy and resection of metastatic lesions.","https://www.fda.gov/drugs/resources-information-approved-drugs/fda-approves-pembrolizumab-adjuvant-treatment-renal-cell-carcinoma","11/17/2021"
"204","FDA approves asciminib for Philadelphia chromosome-positive chronic myeloid leukemia","On October 29, 2021, the Food and Drug Administration granted accelerated approval to asciminib (Scemblix, Novartis AG) for patients with Philadelphia chromosome-positive chronic myeloid leukemia (Ph+ CML) in chronic phase (CP), previously treated with two or more tyrosine kinase inhibitors (TKIs), and approved asciminib for adult patients with Ph+ CML in CP with the T315I mutation.","https://www.fda.gov/drugs/resources-information-approved-drugs/fda-approves-asciminib-philadelphia-chromosome-positive-chronic-myeloid-leukemia","10/29/2021"
"205","FDA approves atezolizumab as adjuvant treatment for non-small cell lung cancer","On October 15, 2021, the Food and Drug Administration approved atezolizumab (Tecentriq, Genentech, Inc.) for adjuvant treatment following resection and platinum-based chemotherapy in patients with stage II to IIIA non-small cell lung cancer (NSCLC) whose tumors have PD-L1 expression on ≥ 1% of tumor cells, as determined by an FDA-approved test.","https://www.fda.gov/drugs/resources-information-approved-drugs/fda-approves-atezolizumab-adjuvant-treatment-non-small-cell-lung-cancer","10/15/2021"
"206","
FDA approves pembrolizumab combination for the first-line treatment of cervical cancer","On October 13, 2021, the Food and Drug Administration approved pembrolizumab (Keytruda, Merck) in combination with chemotherapy, with or without bevacizumab, for patients with persistent, recurrent or metastatic cervical cancer whose tumors express PD-L1 (CPS ≥1), as determined by an FDA-approved test.","https://www.fda.gov/drugs/resources-information-approved-drugs/fda-approves-pembrolizumab-combination-first-line-treatment-cervical-cancer","10/13/2021"
"207","FDA approves abemaciclib with endocrine therapy for early breast cancer ","On October 12, 2021, the Food and Drug Administration approved abemaciclib (Verzenio, Eli Lilly and Company) with endocrine therapy (tamoxifen or an aromatase inhibitor) for adjuvant treatment of adult patients with hormone receptor (HR)-positive, human epidermal growth factor receptor 2 (HER2)-negative, node-positive, early breast cancer at high risk of recurrence and a Ki-67 score ≥20%, as determined by an FDA approved test. This is the first CDK 4/6 inhibitor approved for adjuvant treatment of breast cancer.","https://www.fda.gov/drugs/resources-information-approved-drugs/fda-approves-abemaciclib-endocrine-therapy-early-breast-cancer","10/12/2021"
"208","FDA recognizes Memorial Sloan-Kettering database of molecular tumor marker information","On October 7, 2021, the Food and Drug Administration granted recognition to a partial listing of the Memorial Sloan Kettering Cancer Center’s Oncology Knowledge Base (OncoKB) as the first tumor mutation database to be included in the Public Human Genetic Variant Databases.","https://www.fda.gov/drugs/resources-information-approved-drugs/fda-recognizes-memorial-sloan-kettering-database-molecular-tumor-marker-information","10/7/2021"
"209","FDA approves brexucabtagene autoleucel for relapsed or refractory B-cell precursor acute lymphoblastic leukemia","On October 1, 2021, the Food and Drug Administration approved brexucabtagene autoleucel (Tecartus, Kite Pharma, Inc.) for adult patients with relapsed or refractory B-cell precursor acute lymphoblastic leukemia (ALL).","https://www.fda.gov/drugs/resources-information-approved-drugs/fda-approves-brexucabtagene-autoleucel-relapsed-or-refractory-b-cell-precursor-acute-lymphoblastic","10/1/2021"
"210","FDA approves ruxolitinib for chronic graft-versus-host disease","On September 22, 2021, the Food and Drug Administration approved ruxolitinib (Jakafi, Incyte Corp.) for chronic graft-versus-host disease (cGVHD) after failure of one or two lines of systemic therapy in adult and pediatric patients 12 years and older.","https://www.fda.gov/drugs/resources-information-approved-drugs/fda-approves-ruxolitinib-chronic-graft-versus-host-disease","9/22/2021"
"211","FDA grants accelerated approval to tisotumab vedotin-tftv for recurrent or metastatic cervical cancer","On September 20, 2021, the Food and Drug Administration granted accelerated approval to tisotumab vedotin-tftv (Tivdak, Seagen Inc.), a tissue factor-directed antibody and microtubule inhibitor conjugate, for adult patients with recurrent or metastatic cervical cancer with disease progression on or after chemotherapy.","https://www.fda.gov/drugs/resources-information-approved-drugs/fda-grants-accelerated-approval-tisotumab-vedotin-tftv-recurrent-or-metastatic-cervical-cancer","9/20/2021"
"212","FDA approves cabozantinib for differentiated thyroid cancer","On September 17, 2021, the Food and Drug Administration approved cabozantinib (Cabometyx, Exelixis, Inc.) for adult and pediatric patients 12 years of age and older with locally advanced or metastatic differentiated thyroid cancer (DTC) that has progressed following prior VEGFR-targeted therapy and who are ineligible or refractory to radioactive iodine.","https://www.fda.gov/drugs/resources-information-approved-drugs/fda-approves-cabozantinib-differentiated-thyroid-cancer","9/17/2021"
"213","FDA grants accelerated approval to mobocertinib for metastatic non-small cell lung cancer with EGFR exon 20 insertion mutations","Food and Drug Administration granted accelerated approval to mobocertinib (Exkivity, Takeda Pharmaceuticals, Inc.) for adult patients with locally advanced or metastatic non-small cell lung cancer (NSCLC) with epidermal growth factor receptor (EGFR) exon 20 insertion mutations, as detected by an FDA-approved test, whose disease has progressed on or after platinum-based chemotherapy.","https://www.fda.gov/drugs/resources-information-approved-drugs/fda-grants-accelerated-approval-mobocertinib-metastatic-non-small-cell-lung-cancer-egfr-exon-20","9/15/2021"
"214","FDA grants accelerated approval to zanubrutinib for marginal zone lymphoma","Food and Drug Administration granted accelerated approval to zanubrutinib (Brukinsa, BeiGene) for adult patients with relapsed or refractory marginal zone lymphoma (MZL) who have received at least one anti-CD20-based regimen.","https://www.fda.gov/drugs/resources-information-approved-drugs/fda-grants-accelerated-approval-zanubrutinib-marginal-zone-lymphoma","9/14/2021"
"215","FDA approves zanubrutinib for Waldenström’s macroglobulinemia","Food and Drug Administration approved zanubrutinib (Brukinsa, BeiGene) for adult patients with Waldenström’s macroglobulinemia (WM).","https://www.fda.gov/drugs/resources-information-approved-drugs/fda-approves-zanubrutinib-waldenstroms-macroglobulinemia","8/31/2021"
"216","FDA approves ivosidenib for advanced or metastatic cholangiocarcinoma","Food and Drug Administration approved ivosidenib (Tibsovo, Servier Pharmaceuticals LLC) for adult patients with previously treated, locally advanced or metastatic cholangiocarcinoma with an isocitrate dehydrogenase-1 (IDH1) mutation as detected by an FDA-approved test.","https://www.fda.gov/drugs/resources-information-approved-drugs/fda-approves-ivosidenib-advanced-or-metastatic-cholangiocarcinoma","8/25/2021"
"217","FDA approves nivolumab for adjuvant treatment of urothelial carcinoma","Food and Drug Administration approved nivolumab (Opdivo, Bristol-Myers Squibb Co.) for the adjuvant treatment of patients with urothelial carcinoma (UC) who are at high risk of recurrence after undergoing radical resection.","https://www.fda.gov/drugs/resources-information-approved-drugs/fda-approves-nivolumab-adjuvant-treatment-urothelial-carcinoma","8/19/2021"
"218","FDA grants accelerated approval to dostarlimab-gxly for dMMR advanced solid tumors ","Food and Drug Administration granted accelerated approval to dostarlimab-gxly (Jemperli, GlaxoSmithKline LLC) for adult patients with mismatch repair deficient (dMMR) recurrent or advanced solid tumors, as determined by an FDA-approved test, that have progressed on or following prior treatment and who have no satisfactory alternative treatment options. ","https://www.fda.gov/drugs/resources-information-approved-drugs/fda-grants-accelerated-approval-dostarlimab-gxly-dmmr-advanced-solid-tumors","8/18/2021"
"219","FDA approves belzutifan for cancers associated with von Hippel-Lindau disease","Food and Drug Administration approved belzutifan (Welireg, Merck), a hypoxia-inducible factor inhibitor for adult patients with von Hippel-Lindau (VHL) disease who require therapy for associated renal cell carcinoma (RCC), central nervous system (CNS) hemangioblastomas, or pancreatic neuroendocrine tumors (pNET), not requiring immediate surgery","https://www.fda.gov/drugs/resources-information-approved-drugs/fda-approves-belzutifan-cancers-associated-von-hippel-lindau-disease","8/13/2021"
"220","FDA approves lenvatinib plus pembrolizumab for advanced renal cell carcinoma","Food and Drug Administration approved the combination of lenvatinib (Lenvima, Eisai) plus pembrolizumab (Keytruda, Merck) for first-line treatment of adult patients with advanced renal cell carcinoma (RCC).","https://www.fda.gov/drugs/resources-information-approved-drugs/fda-approves-lenvatinib-plus-pembrolizumab-advanced-renal-cell-carcinoma","8/10/2021"
"221","FDA approves pembrolizumab for high-risk early-stage triple-negative breast cancer","Food and Drug Administration approved pembrolizumab (Keytruda, Merck) for high-risk, early-stage, triple-negative breast cancer (TNBC) in combination with chemotherapy as neoadjuvant treatment, and then continued as a single agent as adjuvant treatment after surgery.","https://www.fda.gov/drugs/resources-information-approved-drugs/fda-approves-pembrolizumab-high-risk-early-stage-triple-negative-breast-cancer","7/26/2021"
"222","FDA grants regular approval to pembrolizumab and lenvatinib for advanced endometrial carcinoma ","Food and Drug Administration approved pembrolizumab (Keytruda, Merck) in combination with lenvatinib (Lenvima, Eisai) for patients with advanced endometrial carcinoma that is not microsatellite instability-high (MSI-H) or mismatch repair deficient (dMMR), who have disease progression following prior systemic therapy in any setting and are not candidates for curative surgery or radiation.","https://www.fda.gov/drugs/resources-information-approved-drugs/fda-grants-regular-approval-pembrolizumab-and-lenvatinib-advanced-endometrial-carcinoma","7/21/2021"
"223","FDA approves belumosudil for chronic graft-versus-host disease","Food and Drug Administration approved belumosudil (Rezurock, Kadmon Pharmaceuticals, LLC), a kinase inhibitor, for adult and pediatric patients 12 years and older with chronic graft-versus-host disease (chronic GVHD) after failure of at least two prior lines of systemic therapy.","https://www.fda.gov/drugs/resources-information-approved-drugs/fda-approves-belumosudil-chronic-graft-versus-host-disease","7/16/2021"
"224","FDA approves daratumumab and hyaluronidase-fihj with pomalidomide and dexamethasone for multiple myeloma","Food and Drug Administration approved daratumumab and hyaluronidase-fihj (Darzalex Faspro, Janssen Biotech, Inc.) in combination with pomalidomide and dexamethasone for adult patients with multiple myeloma who have received at least one prior line of therapy including lenalidomide and a proteasome inhibitor.","https://www.fda.gov/drugs/resources-information-approved-drugs/fda-approves-daratumumab-and-hyaluronidase-fihj-pomalidomide-and-dexamethasone-multiple-myeloma","7/9/2021"
"225","FDA grants regular approval to enfortumab vedotin-ejfv for locally advanced or metastatic urothelial cancer","Food and Drug Administration approved enfortumab vedotin-ejfv (Padcev, Astellas Pharma US, Inc.), a Nectin-4-directed antibody and microtubule inhibitor conjugate, for adult patients with locally advanced or metastatic urothelial cancer who

have previously received a programmed death receptor-1 (PD-1) or programmed death-ligand (PD-L1) inhibitor and platinum-containing chemotherapy, or
are ineligible for cisplatin-containing chemotherapy and have previously received one or more prior lines of therapy.","https://www.fda.gov/drugs/resources-information-approved-drugs/fda-grants-regular-approval-enfortumab-vedotin-ejfv-locally-advanced-or-metastatic-urothelial-cancer","7/9/2021"
"226","FDA approves asparaginase erwinia chrysanthemi (recombinant) for leukemia and lymphoma","Food and Drug Administration approved asparaginase erwinia chrysanthemi (recombinant)-rywn) (Rylaze, Jazz Pharmaceuticals, Inc.) as a component of a multi-agent chemotherapeutic regimen for the treatment of acute lymphoblastic leukemia (ALL) and lymphoblastic lymphoma (LBL) in adult and pediatric patients 1 month or older who have developed hypersensitivity to E. coli-derived asparaginase. .","https://www.fda.gov/drugs/resources-information-approved-drugs/fda-approves-asparaginase-erwinia-chrysanthemi-recombinant-leukemia-and-lymphoma","7/1/2021"
"227","FDA approves avapritinib for advanced systemic mastocytosis","Food and Drug Administration approved avapritinib (Ayvakit™, Blueprint Medicines Corp.) for adult patients with advanced systemic mastocytosis (AdvSM), including patients with aggressive systemic mastocytosis (ASM), systemic mastocytosis with an associated hematological neoplasm (SM-AHN), and mast cell leukemia (MCL).","https://www.fda.gov/drugs/resources-information-approved-drugs/fda-approves-avapritinib-advanced-systemic-mastocytosis","6/16/2021"
"228","FDA grants accelerated approval to infigratinib for metastatic cholangiocarcinoma","Food and Drug Administration granted accelerated approval to infigratinib (Truseltiq, QED Therapeutics, Inc.), a kinase inhibitor for adults with previously treated, unresectable locally advanced or metastatic cholangiocarcinoma with a fibroblast growth factor receptor 2 (FGFR2) fusion or other rearrangement as detected by an FDA-approved test","https://www.fda.gov/drugs/resources-information-approved-drugs/withdrawn-fda-grants-accelerated-approval-infigratinib-metastatic-cholangiocarcinoma","5/28/2021"
"229","FDA grants accelerated approval to sotorasib for KRAS G12C mutated NSCLC","Food and Drug Administration granted accelerated approval to sotorasib (Lumakras™, Amgen, Inc.), a RAS GTPase family inhibitor, for adult patients with KRAS G12C mutated locally advanced or metastatic non-small cell lung cancer (NSCLC), as determined by an FDA approved test, who have received at least one prior systemic therapy.","https://www.fda.gov/drugs/resources-information-approved-drugs/fda-grants-accelerated-approval-sotorasib-kras-g12c-mutated-nsclc","5/28/2021"
"230","FDA grants accelerated approval to amivantamab-vmjw for metastatic non-small cell lung cancer","FDA granted accelerated approval to amivantamab-vmjw (Rybrevant, Janssen Biotech, Inc.) for adult patients with locally advanced or metastatic non-small cell lung cancer with EGFR exon 20 insertion mutations that progressed on or after platinum-based chemotherapy.","https://www.fda.gov/drugs/resources-information-approved-drugs/fda-grants-accelerated-approval-amivantamab-vmjw-metastatic-non-small-cell-lung-cancer","5/21/2021"
"231","FDA approves nivolumab for resected esophageal or GEJ cancer","Food and Drug Administration approved nivolumab (Opdivo, Bristol-Myers Squibb Company) for patients with completely resected esophageal or gastroesophageal junction (GEJ) cancer with residual pathologic disease who have received neoadjuvant chemoradiotherapy.","https://www.fda.gov/drugs/resources-information-approved-drugs/fda-approves-nivolumab-resected-esophageal-or-gej-cancer","5/20/2021"
"232","FDA grants accelerated approval to pembrolizumab for HER2-positive gastric cancer","Food and Drug Administration granted accelerated approval to pembrolizumab (Keytruda, Merck & Co.) in combination with trastuzumab, fluoropyrimidine- and platinum-containing chemotherapy for the first-line treatment of patients with locally advanced unresectable or metastatic HER2 positive gastric or gastroesophageal junction (GEJ) adenocarcinoma. ","https://www.fda.gov/drugs/resources-information-approved-drugs/fda-grants-accelerated-approval-pembrolizumab-her2-positive-gastric-cancer","5/5/2021"
"233","FDA grants accelerated approval to loncastuximab tesirine-lpyl for large B-cell lymphoma","On April 23, 2021, the Food and Drug Administration granted accelerated approval to loncastuximab tesirine-lpyl (Zynlonta, ADC Therapeutics SA), a CD19-directed antibody and alkylating agent conjugate, for adult patients with relapsed or refractory large B-cell lymphoma after two or more lines of systemic therapy, including diffuse large B-cell lymphoma (DLBCL) not otherwise specified, DLBCL arising from low grade lymphoma, and high-grade B-cell lymphoma. ","https://www.fda.gov/drugs/resources-information-approved-drugs/fda-grants-accelerated-approval-loncastuximab-tesirine-lpyl-large-b-cell-lymphoma","4/23/2021"
"234","FDA grants accelerated approval to dostarlimab-gxly for dMMR endometrial cancer","Food and Drug Administration granted accelerated approval to dostarlimab-gxly (Jemperli, GlaxoSmithKline LLC) for adult patients with mismatch repair deficient (dMMR) recurrent or advanced endometrial cancer, as determined by an FDA-approved test, that has progressed on or following a prior platinum-containing regimen. ","https://www.fda.gov/drugs/resources-information-approved-drugs/fda-grants-accelerated-approval-dostarlimab-gxly-dmmr-endometrial-cancer","4/22/2021"
"235","FDA approves nivolumab in combination with chemotherapy for metastatic gastric cancer and esophageal adenocarcinoma","Food and Drug Administration approved nivolumab (Opdivo, Bristol-Myers Squibb Company) in combination with fluoropyrimidine- and platinum-containing chemotherapy for advanced or metastatic gastric cancer, gastroesophageal junction cancer, and esophageal adenocarcinoma. ","https://www.fda.gov/drugs/resources-information-approved-drugs/fda-approves-nivolumab-combination-chemotherapy-metastatic-gastric-cancer-and-esophageal","4/16/2021"
"236","FDA grants accelerated approval to sacituzumab govitecan for advanced urothelial cancer","FDA grants accelerated approval to sacituzumab govitecan for advanced urothelial cancer. ","https://www.fda.gov/drugs/resources-information-approved-drugs/fda-grants-accelerated-approval-sacituzumab-govitecan-advanced-urothelial-cancer","4/13/2021"
"237","FDA grants regular approval to sacituzumab govitecan for triple-negative breast cancer","Food and Drug Administration granted regular approval to sacituzumab govitecan (Trodelvy, Immunomedics Inc.) for patients with unresectable locally advanced or metastatic triple-negative breast cancer (mTNBC) who have received two or more prior systemic therapies, at least one of them for metastatic disease. ","https://www.fda.gov/drugs/resources-information-approved-drugs/fda-grants-regular-approval-sacituzumab-govitecan-triple-negative-breast-cancer","4/7/2021"
"238","FDA approves new dosing regimen for cetuximab","Food and Drug Administration approved a new dosage regimen of 500 mg/m2 as a 120-minute intravenous infusion every two weeks (Q2W) for cetuximab (Erbitux, ImClone LLC) for patients with K-Ras wild-type, EGFR-expressing colorectal cancer (mCRC) or squamous cell carcinoma of the head and neck (SCCHN). ","https://www.fda.gov/drugs/resources-information-approved-drugs/fda-approves-new-dosing-regimen-cetuximab","4/6/2021"
"239","FDA approves isatuximab-irfc for multiple myeloma","Food and Drug Administration approved isatuximab-irfc (Sarclisa, sanofi-aventis U.S. LLC) in combination with carfilzomib and dexamethasone, for the treatment of adult patients with relapsed or refractory multiple myeloma who have received one to three prior lines of therapy. March 31, 2021","https://www.fda.gov/drugs/resources-information-approved-drugs/fda-approves-isatuximab-irfc-multiple-myeloma","3/31/2021"
"240","FDA approves idecabtagene vicleucel for multiple myeloma","Food and Drug Administration approved idecabtagene vicleucel (Abecma, Bristol Myers Squibb) for the treatment of adult patients with relapsed or refractory multiple myeloma after four or more prior lines of therapy, including an immunomodulatory agent, a proteasome inhibitor, and an anti-CD38 monoclonal antibody. This is the first FDA-approved cell-based gene therapy for multiple myeloma. March 26, 2021","https://www.fda.gov/drugs/resources-information-approved-drugs/fda-approves-idecabtagene-vicleucel-multiple-myeloma","3/26/2021"
"241","FDA approves pembrolizumab for esophageal or GEJ carcinoma","Food and Drug Administration approved pembrolizumab (Keytruda, Merck Sharp & Dohme Corp.) in combination with platinum and fluoropyrimidine-based chemotherapy for patients with metastatic or locally advanced esophageal or gastroesophageal (GEJ) (tumors with epicenter 1 to 5 centimeters above the gastroesophageal junction) carcinoma who are not candidates for surgical resection or definitive chemoradiation. March 22, 2021.","https://www.fda.gov/drugs/resources-information-approved-drugs/fda-approves-pembrolizumab-esophageal-or-gej-carcinoma","3/22/2021"
"242","FDA approves tivozanib for relapsed or refractory advanced renal cell carcinoma","Food and Drug Administration approved tivozanib (Fotivda, AVEO Pharmaceuticals, Inc.), a kinase inhibitor, for adult patients with relapsed or refractory advanced renal cell carcinoma (RCC) following two or more prior systemic therapies. March 10, 2021","https://www.fda.gov/drugs/resources-information-approved-drugs/fda-approves-tivozanib-relapsed-or-refractory-advanced-renal-cell-carcinoma","3/10/2021"
"243","FDA grants accelerated approval to axicabtagene ciloleucel for relapsed or refractory follicular lymphoma","Food and Drug Administration granted accelerated approval to axicabtagene ciloleucel (Yescarta, Kite Pharma, Inc.) for adult patients with relapsed or refractory follicular lymphoma (FL) after two or more lines of systemic therapy. ","https://www.fda.gov/drugs/resources-information-approved-drugs/fda-grants-accelerated-approval-axicabtagene-ciloleucel-relapsed-or-refractory-follicular-lymphoma","3/5/2021"
"244","FDA approves lorlatinib for metastatic ALK-positive NSCLC","Food and Drug Administration granted regular approval to lorlatinib (Lorbrena, Pfizer Inc.) for patients with metastatic non-small cell lung cancer (NSCLC) whose tumors are anaplastic lymphoma kinase (ALK)-positive, detected by an FDA-approved test. March 3, 2021","https://www.fda.gov/drugs/resources-information-approved-drugs/fda-approves-lorlatinib-metastatic-alk-positive-nsclc","3/3/2021"
"245","FDA grants accelerated approval to melphalan flufenamide for relapsed or refractory multiple myeloma","Food and Drug Administration granted accelerated approval to melphalan flufenamide (Pepaxto, Oncopeptides AB) in combination with dexamethasone for adult patients with relapsed or refractory multiple myeloma who have received at least four prior lines of therapy and whose disease is refractory to at least one proteasome inhibitor, one immunomodulatory agent, and one CD-38 directed monoclonal antibody.Efficacy was evaluated in HORIZON (NCT02963493), a multicenter, single-arm trial. Eligible patients were required to have relapsed refractory multiple myeloma. Patients received melphalan flufenamide 40 mg intravenously on day 1 and dexamethasone 40 mg orally (20 mg for patients ≥75 years of age) on day 1, 8, 15 and 22 of each 28-day cycle until disease progression or unacceptable toxicity. ","https://www.fda.gov/drugs/resources-information-approved-drugs/withdrawn-fda-grants-accelerated-approval-melphalan-flufenamide-relapsed-or-refractory-multiple","2/26/2021"
"246","FDA approves cemiplimab-rwlc for non-small cell lung cancer with high PD-L1 expression","Food and Drug Administration approved cemiplimab-rwlc (Libtayo, Regeneron Pharmaceuticals, Inc.) for the first-line treatment of patients with advanced non-small cell lung cancer (NSCLC) (locally advanced who are not candidates for surgical resection or definitive chemoradiation or metastatic) whose tumors have high PD-L1 expression (Tumor Proportion Score [TPS] > 50%) as determined by an FDA-approved test, with no EGFR, ALK or ROS1 aberrations. ","https://www.fda.gov/drugs/resources-information-approved-drugs/fda-approves-cemiplimab-rwlc-non-small-cell-lung-cancer-high-pd-l1-expression","2/22/2021"
"247","FDA approves cemiplimab-rwlc for locally advanced and metastatic basal cell carcinoma","Food and Drug Administration approved cemiplimab-rwlc for locally advanced and metastatic basal cell carcinoma. ","https://www.fda.gov/drugs/resources-information-approved-drugs/fda-approves-cemiplimab-rwlc-locally-advanced-and-metastatic-basal-cell-carcinoma","2/9/2021"
"248","FDA approves lisocabtagene maraleucel for relapsed or refractory large B-cell lymphoma","Food and Drug Administration approved lisocabtagene maraleucel (Breyanzi, Juno Therapeutics, Inc.) for the treatment of adult patients with relapsed or refractory (R/R) large B-cell lymphoma after two or more lines of systemic therapy, including diffuse large B-cell lymphoma (DLBCL) not otherwise specified (including DLBCL arising from indolent lymphoma), high-grade B-cell lymphoma, primary mediastinal large B-cell lymphoma, and follicular lymphoma grade 3B. February 5, 2021","https://www.fda.gov/drugs/resources-information-approved-drugs/fda-approves-lisocabtagene-maraleucel-relapsed-or-refractory-large-b-cell-lymphoma","2/5/2021"
"249","FDA grants accelerated approval to umbralisib for marginal zone lymphoma and follicular lymphoma","Food and Drug Administration granted accelerated approval to umbralisib (Ukoniq, TG Therapeutics), a kinase inhibitor including PI3K-delta and casein kinase CK1-epsilon, for the following indications: Adult patients with relapsed or refractory marginal zone lymphoma (MZL) who have received at least one prior anti-CD20-based regimen; Adult patients with relapsed or refractory follicular lymphoma (FL) who have received at least three prior lines of systemic therapy.","https://www.fda.gov/drugs/resources-information-approved-drugs/fda-grants-accelerated-approval-umbralisib-marginal-zone-lymphoma-and-follicular-lymphoma","2/5/2021"
"250","FDA grants accelerated approval to tepotinib for metastatic non-small cell lung cancer","Food and Drug Administration granted accelerated approval to tepotinib (Tepmetko, EMD Serono Inc.) for adult patients with metastatic non-small cell lung cancer (NSCLC) harboring mesenchymal-epithelial transition (MET) exon 14 skipping alterations. ","https://www.fda.gov/drugs/resources-information-approved-drugs/fda-grants-accelerated-approval-tepotinib-metastatic-non-small-cell-lung-cancer","2/3/2021"
"251","FDA approves nivolumab plus cabozantinib for advanced renal cell carcinoma","Food and Drug Administration approved the combination of nivolumab (Opdivo, Bristol-Myers Squibb Co.) and cabozantinib (Cabometyx, Exelixis) as first-line treatment for patients with advanced renal cell carcinoma (RCC). ","https://www.fda.gov/drugs/resources-information-approved-drugs/fda-approves-nivolumab-plus-cabozantinib-advanced-renal-cell-carcinoma","1/22/2021"
"252","FDA grants accelerated approval to Darzalex Faspro for newly diagnosed light chain amyloidosis","Food and Drug Administration granted accelerated approval to daratumumab plus hyaluronidase (Darzalex Faspro, Janssen Biotech Inc.) in combination with bortezomib, cyclophosphamide and dexamethasone for newly diagnosed light chain (AL) amyloidosis. ","https://www.fda.gov/drugs/resources-information-approved-drugs/fda-grants-accelerated-approval-darzalex-faspro-newly-diagnosed-light-chain-amyloidosis","1/15/2021"
"253","FDA approves fam-trastuzumab deruxtecan-nxki for HER2-positive gastric adenocarcinomas","Food and Drug Administration approved fam-trastuzumab deruxtecan-nxki (Enhertu, Daiichi Sankyo) for adult patients with locally advanced or metastatic HER2-positive gastric or gastroesophageal (GEJ) adenocarcinoma who have received a prior trastuzumab-based regimen. ","https://www.fda.gov/drugs/resources-information-approved-drugs/fda-approves-fam-trastuzumab-deruxtecan-nxki-her2-positive-gastric-adenocarcinomas","1/15/2021"
"254","FDA approves crizotinib for children and young adults with relapsed or refractory, systemic anaplastic large cell lymphoma","Food and Drug Administration approved crizotinib (Xalkori, Pfizer Inc.) for pediatric patients 1 year of age and older and young adults with relapsed or refractory, systemic anaplastic large cell lymphoma (ALCL) that is ALK-positive. The safety and efficacy of crizotinib have not been established in older adults with relapsed or refractory, systemic ALK-positive ALCL. ","https://www.fda.gov/drugs/resources-information-approved-drugs/fda-approves-crizotinib-children-and-young-adults-relapsed-or-refractory-systemic-anaplastic-large","1/14/2021"
"255","FDA approves osimertinib as adjuvant therapy for non-small cell lung cancer with EGFR mutations","Food and Drug Administration approved osimertinib (TAGRISSO, AstraZeneca Pharmaceuticals LP) for adjuvant therapy after tumor resection in patients with non-small cell lung cancer (NSCLC) whose tumors have epidermal growth factor receptor (EGFR) exon 19 deletions or exon 21 L858R mutations, as detected by an FDA-approved test. ","https://www.fda.gov/drugs/resources-information-approved-drugs/fda-approves-osimertinib-adjuvant-therapy-non-small-cell-lung-cancer-egfr-mutations","12/18/2020"
"256","FDA approves relugolix for advanced prostate cancer","Food and Drug Administration approved the first oral gonadotropin-releasing hormone (GnRH) receptor antagonist, relugolix, (ORGOVYX, Myovant Sciences, Inc.) for adult patients with advanced prostate cancer. ","https://www.fda.gov/drugs/resources-information-approved-drugs/fda-approves-relugolix-advanced-prostate-cancer","12/18/2020"
"257","FDA approves selinexor for refractory or relapsed multiple myeloma","Food and Drug Administration approved selinexor (XPOVIO, Karyopharm Therapeutics Inc.) in combination with bortezomib and dexamethasone for the treatment of adult patients with multiple myeloma who have received at least one prior therapy.","https://www.fda.gov/drugs/resources-information-approved-drugs/fda-approves-selinexor-refractory-or-relapsed-multiple-myeloma","12/18/2020"
"258","FDA approves margetuximab for metastatic HER2-positive breast cancer","Food and Drug Administration approved margetuximab-cmkb (MARGENZA, MacroGenics) in combination with chemotherapy, for the treatment of adult patients with metastatic HER2-positive breast cancer who have received two or more prior anti-HER2 regimens, at least one of which was for metastatic disease. ","https://www.fda.gov/drugs/resources-information-approved-drugs/fda-approves-margetuximab-metastatic-her2-positive-breast-cancer","12/16/2020"
"259","FDA approves pralsetinib for RET-altered thyroid cancers","Food and Drug Administration approved pralsetinib (GAVRETO, Blueprint Medicines Corporation) for adult and pediatric patients 12 years of age and older with advanced or metastatic RET-mutant medullary thyroid cancer (MTC) who require systemic therapy or RET fusion-positive thyroid cancer who require systemic therapy and who are radioactive iodine-refractory (if radioactive iodine is appropriate).","https://www.fda.gov/drugs/resources-information-approved-drugs/fda-approves-pralsetinib-ret-altered-thyroid-cancers","12/1/2020"
"260","FDA approves device for treatment of osteoid osteoma in the extremities","Food and Drug Administration approved the Sonalleve MR-HIFU system (Profound Medical Inc.) for the treatment of osteoid osteoma in the extremities. ","https://www.fda.gov/drugs/resources-information-approved-drugs/fda-approves-device-treatment-osteoid-osteoma-extremities","11/27/2020"
"261","FDA grants accelerated approval to naxitamab for high-risk neuroblastoma in bone or bone marrow","Food and Drug Administration granted accelerated approval to naxitamab (DANYELZA, Y-mAbs Therapeutics, Inc.) in combination with granulocyte-macrophage colony-stimulating factor (GM-CSF) for pediatric patients one year of age and older and adult patients with relapsed or refractory high-risk neuroblastoma in the bone or bone marrow demonstrating a partial response, minor response, or stable disease to prior therapy. ","https://www.fda.gov/drugs/resources-information-approved-drugs/fda-grants-accelerated-approval-naxitamab-high-risk-neuroblastoma-bone-or-bone-marrow","11/25/2020"
"262","FDA grants accelerated approval to pembrolizumab for locally recurrent unresectable or metastatic triple negative breast cancer","Food and Drug Administration granted accelerated approval to pembrolizumab (KEYTRUDA, Merck & Co.) in combination with chemotherapy for the treatment of patients with locally recurrent unresectable or metastatic triple-negative breast cancer (TNBC) whose tumors express PD-L1 (CPS ≥10) as determined by an FDA approved test. ","https://www.fda.gov/drugs/resources-information-approved-drugs/fda-grants-accelerated-approval-pembrolizumab-locally-recurrent-unresectable-or-metastatic-triple","11/13/2020"
"263","FDA approves liquid biopsy NGS companion diagnostic test for multiple cancers and biomarkers","Food and Drug Administration approved the liquid biopsy next-generation sequencing-based FoundationOne Liquid CDx test (Foundation Medicine, Inc.) as a companion diagnostic device for multiple additional biomarkers detected in cell free-DNA isolated from plasma specimens. October 26, 2020 and November 6, 2020. ","https://www.fda.gov/drugs/resources-information-approved-drugs/fda-approves-liquid-biopsy-ngs-companion-diagnostic-test-multiple-cancers-and-biomarkers","10/26/2020"
"264","FDA Approves Companion Diagnostic to identify NTRK fusions in solid tumors for Vitrakvi","Food and Drug Administration approved the next-generation sequencing (NGS)-based FoundationOne CDx test (Foundation Medicine, Inc.) as a companion diagnostic to identify fusions in neurotrophic receptor tyrosine kinase (NTRK) genes, NTRK1, NTRK2, and NTRK3, in DNA isolated from tumor tissue specimens from patients with solid tumors eligible for treatment with larotrectinib (VITRAKVI, Bayer Healthcare Pharmaceuticals, Inc.). October 26, 2020","https://www.fda.gov/drugs/resources-information-approved-drugs/fda-approves-companion-diagnostic-identify-ntrk-fusions-solid-tumors-vitrakvi","10/26/2020"
"265","FDA grants regular approval to venetoclax in combination for untreated acute myeloid leukemia","Food and Drug Administration grants regular approval to venetoclax in combination for untreated acute myeloid leukemia. ","https://www.fda.gov/drugs/resources-information-approved-drugs/fda-grants-regular-approval-venetoclax-combination-untreated-acute-myeloid-leukemia","10/16/2020"
"266","FDA extends approval of pembrolizumab for classical Hodgkin lymphoma","Food and Drug Administration extended the approval of pembrolizumab (KEYTRUDA®, Merck Sharp & Dohme Corp.) for the following indications: adult patients with relapsed or refractory classical Hodgkin lymphoma (cHL) and pediatric patients with refractory cHL, or cHL that has relapsed after 2 or more lines of therapy. ","https://www.fda.gov/drugs/resources-information-approved-drugs/fda-extends-approval-pembrolizumab-classical-hodgkin-lymphoma","10/14/2020"
"267","FDA approves nivolumab and ipilimumab for unresectable malignant pleural mesothelioma","Food and Drug Administration approved the combination of nivolumab (OPDIVO, Bristol-Myers Squibb Co.) plus ipilimumab (YERVOY, Bristol-Myers Squibb Co.) as first-line treatment for adult patients with unresectable malignant pleural mesothelioma. ","https://www.fda.gov/drugs/resources-information-approved-drugs/fda-approves-nivolumab-and-ipilimumab-unresectable-malignant-pleural-mesothelioma","10/2/2020"
"268","FDA issues alert about efficacy and potential safety concerns with atezolizumab in combination with paclitaxel for treatment of breast cancer ","Food and Drug Administration alerted health care professionals and oncology clinical investigators about efficacy and potential safety concerns with atezolizumab in combination with paclitaxel for treatment of breast cancer. ","https://www.fda.gov/drugs/resources-information-approved-drugs/fda-issues-alert-about-efficacy-and-potential-safety-concerns-atezolizumab-combination-paclitaxel","9/8/2020"
"269","FDA approves pralsetinib for lung cancer with RET gene fusions","Food and Drug Administration granted accelerated approval to pralsetinib (GAVRETO, Blueprint Medicines Corporation) for adult patients with metastatic RET fusion-positive non-small cell lung cancer (NSCLC) as detected by an FDA approved test. ","https://www.fda.gov/drugs/resources-information-approved-drugs/fda-approves-pralsetinib-lung-cancer-ret-gene-fusions","9/4/2020"
"270","FDA approves Onureg (azacitidine tablets) for acute myeloid leukemia","Food and Drug Administration approved azacitidine tablets (ONUREG, Celgene Corporation) for continued treatment of patients with acute myeloid leukemia who achieved first complete remission (CR) or complete remission with incomplete blood count recovery (CRi) following intensive induction chemotherapy and are not able to complete intensive curative therapy. ","https://www.fda.gov/drugs/resources-information-approved-drugs/fda-approves-onureg-azacitidine-tablets-acute-myeloid-leukemia","9/1/2020"
"271","FDA Approves Liquid Biopsy Next-Generation Sequencing Companion Diagnostic Test","Food and Drug Administration approved the liquid biopsy next-generation sequencing-based FoundationOne Liquid CDx test (Foundation Medicine, Inc.) as a companion diagnostic to identify mutations in BRCA1 and BRCA2 genes in cell free-DNA isolated from plasma specimens from patients with metastatic castration-resistant prostate cancer (mCRPC) eligible for treatment with rucaparib (RUBRACA, Clovis Oncology, Inc.). ","https://www.fda.gov/node/394129","8/26/2020"
"272","FDA approves carfilzomib and daratumumab with dexamethasone for multiple myeloma","On August 20, 2020, the Food and Drug Administration approved carfilzomib (KYPROLIS, Onyx Pharmaceuticals, Inc.) and daratumumab (DARZALEX, Janssen Biotech, Inc.) in combination with dexamethasone for adult patients with relapsed or refractory multiple myeloma who have received one to three lines of therapy. ","https://www.fda.gov/drugs/resources-information-approved-drugs/fda-approves-carfilzomib-and-daratumumab-dexamethasone-multiple-myeloma","8/20/2020"
"273","FDA granted accelerated approval to belantamab mafodotin-blmf for multiple myeloma","Food and Drug Administration approved belantamab mafodotin-blmf (Blenrep, GlaxoSmithKline) for adult patients with relapsed or refractory multiple myeloma who have received at least 4 prior therapies, including an anti-CD38 monoclonal antibody, a proteasome inhibitor, and an immunomodulatory agent. ","https://www.fda.gov/drugs/resources-information-approved-drugs/fda-granted-accelerated-approval-belantamab-mafodotin-blmf-multiple-myeloma","8/5/2020"
"274","FDA grants accelerated approval to tafasitamab-cxix for diffuse large B-cell lymphoma","FDA granted accelerated approval to tafasitamab-cxix (MONJUVI, MorphoSys US Inc.), a CD19-directed cytolytic antibody, indicated in combination with lenalidomide for adult patients with relapsed or refractory diffuse large B-cell lymphoma (DLBCL) not otherwise specified, including DLBCL arising from low grade lymphoma, and who are not eligible for autologous stem cell transplant. ","https://www.fda.gov/drugs/resources-information-approved-drugs/fda-grants-accelerated-approval-tafasitamab-cxix-diffuse-large-b-cell-lymphoma","7/31/2020"
"275","FDA approves atezolizumab for BRAF V600 unresectable or metastatic melanoma","Food and Drug Administration approved atezolizumab (Tecentriq, Genentech, Inc.) in combination with cobimetinib and vemurafenib for patients with BRAF V600 mutation-positive unresectable or metastatic melanoma. ","https://www.fda.gov/drugs/resources-information-approved-drugs/fda-approves-atezolizumab-braf-v600-unresectable-or-metastatic-melanoma","7/30/2020"
"276","FDA approves brexucabtagene autoleucel for relapsed or refractory mantle cell lymphoma","Food and Drug Administration granted accelerated approval to brexucabtagene autoleucel (TECARTUS, Kite, a Gilead Company), a CD19-directed genetically modified autologous T cell immunotherapy, for the treatment of adult patients with relapsed or refractory mantle cell lymphoma (MCL). ","https://www.fda.gov/drugs/resources-information-approved-drugs/fda-approves-brexucabtagene-autoleucel-relapsed-or-refractory-mantle-cell-lymphoma","7/24/2020"
"277","FDA approves oral combination of decitabine and cedazuridine for myelodysplastic syndromes","Food and Drug Administration approved an oral combination of decitabine and cedazuridine (INQOVI, Astex Pharmaceuticals, Inc.) for adult patients with myelodysplastic syndromes (MDS) including the following: ","https://www.fda.gov/drugs/resources-information-approved-drugs/fda-approves-oral-combination-decitabine-and-cedazuridine-myelodysplastic-syndromes","7/7/2020"
"278","FDA approves avelumab for urothelial carcinoma maintenance treatment","Food and Drug Administration approved avelumab (BAVENCIO, EMD Serono, Inc.) for maintenance treatment of patients with locally advanced or metastatic urothelial carcinoma (UC) that has not progressed with first-line platinum-containing chemotherapy. ","https://www.fda.gov/drugs/drug-approvals-and-databases/fda-approves-avelumab-urothelial-carcinoma-maintenance-treatment","6/30/2020"
"279","FDA approves pembrolizumab for first-line treatment of MSI-H/dMMR colorectal cancer","Food and Drug Administration approved pembrolizumab (KEYTRUDA, Merck & Co.) for the first-line treatment of patients with unresectable or metastatic microsatellite instability-high (MSI-H) or mismatch repair deficient (dMMR) colorectal cancer. June 29, 2020","https://www.fda.gov/drugs/drug-approvals-and-databases/fda-approves-pembrolizumab-first-line-treatment-msi-hdmmr-colorectal-cancer","6/29/2020"
"280","FDA approves combination of pertuzumab, trastuzumab, and hyaluronidase-zzxf for HER2-positive breast cancer","Food and Drug Administration approved a new fixed-dose combination of pertuzumab, trastuzumab, and hyaluronidase–zzxf
(PHESGO, Genentech, Inc.) for subcutaneous injection","https://www.fda.gov/drugs/drug-approvals-and-databases/fda-approves-combination-pertuzumab-trastuzumab-and-hyaluronidase-zzxf-her2-positive-breast-cancer","6/29/2020"
"281","FDA approves pembrolizumab for cutaneous squamous cell carcinoma","Food and Drug Administration approved pembrolizumab (KEYTRUDA, Merck & Co., Inc.) for patients with recurrent or metastatic cutaneous squamous cell carcinoma (cSCC) that is not curable by surgery or radiation ","https://www.fda.gov/drugs/drug-approvals-and-databases/fda-approves-pembrolizumab-cutaneous-squamous-cell-carcinoma","6/24/2020"
"282","FDA approves selinexor for relapsed/refractory diffuse large B-cell lymphoma","Food and Drug Administration granted accelerated approval to selinexor (XPOVIO, Karyopharm Therapeutics) for adult patients with relapsed or refractory diffuse large B-cell lymphoma (DLBCL), not otherwise specified, including DLBCL arising from follicular lymphoma, after at least 2 lines of systemic therapy. ","https://www.fda.gov/drugs/resources-information-approved-drugs/fda-approves-selinexor-relapsedrefractory-diffuse-large-b-cell-lymphoma","6/22/2020"
"283","FDA granted accelerated approval to tazemetostat for follicular lymphoma","Food and Drug Administration granted accelerated approval to tazemetostat (TAZVERIK, Epizyme, Inc.), an EZH2 inhibitor, for adult patients with relapsed or refractory (R/R) follicular lymphoma (FL) whose tumors are positive for an EZH2 mutation as detected by an FDA-approved test and who have received at least 2 prior systemic therapies, and for adult patients with R/R FL who have no satisfactory alternative treatment options. ","https://www.fda.gov/drugs/fda-granted-accelerated-approval-tazemetostat-follicular-lymphoma","6/18/2020"
"284","FDA approves pembrolizumab for adults and children with TMB-H solid tumors","Food and Drug Administration granted accelerated approval to pembrolizumab (KEYTRUDA, Merck & Co., Inc.) for the treatment of adult and pediatric patients with unresectable or metastatic tumor mutational burden-high (TMB H) [≥10 mutations/megabase (mut/Mb)] solid tumors, as determined by an FDA-approved test, that have progressed following prior treatment and who have no satisfactory alternative treatment options. ","https://www.fda.gov/drugs/drug-approvals-and-databases/fda-approves-pembrolizumab-adults-and-children-tmb-h-solid-tumors","6/16/2020"
"285","FDA approves gemtuzumab ozogamicin for CD33-positive AML in pediatric patients","Food and Drug Administration extended the indication of gemtuzumab ozogamicin (MYLOTARG, Wyeth Pharmaceuticals LLC) for newly-diagnosed CD33-positive acute myeloid leukemia (AML) to include pediatric patients 1 month and older. ","https://www.fda.gov/drugs/drug-approvals-and-databases/fda-approves-gemtuzumab-ozogamicin-cd33-positive-aml-pediatric-patients","6/16/2020"
"286","FDA grants accelerated approval to lurbinectedin for metastatic small cell lung cancer","Food and Drug Administration granted accelerated approval to lurbinectedin(ZEPZELCA, Pharma Mar S.A.) for adult patients with metastatic small cell lung cancer (SCLC) with disease progression on or after platinum-based chemotherapy. June 15, 2020","https://www.fda.gov/drugs/drug-approvals-and-databases/fda-grants-accelerated-approval-lurbinectedin-metastatic-small-cell-lung-cancer","6/15/2020"
"287","FDA approves nivolumab for esophageal squamous cell carcinoma","Food and Drug Administration approved nivolumab (OPDIVO, Bristol-Myers Squibb Co.) for patients with unresectable advanced, recurrent or metastatic esophageal squamous cell carcinoma (ESCC) after prior fluoropyrimidine- and platinum-based chemotherapy. ","https://www.fda.gov/drugs/drug-approvals-and-databases/fda-approves-nivolumab-esophageal-squamous-cell-carcinoma","6/10/2020"
"288","FDA approves ramucirumab plus erlotinib for first-line metastatic NSCLC","Food and Drug Administration approved ramucirumab (CYRAMZA, Eli Lilly and Company) in combination with erlotinib for first-line treatment of metastatic non-small cell lung cancer (NSCLC) with epidermal growth factor receptor (EGFR) exon 19 deletions or exon 21 (L858R) mutations. ","https://www.fda.gov/drugs/resources-information-approved-drugs/fda-approves-ramucirumab-plus-erlotinib-first-line-metastatic-nsclc","5/29/2020"
"289","FDA approves atezolizumab plus bevacizumab for unresectable hepatocellular carcinoma","Food and Drug Administration approved atezolizumab in combination with bevacizumab (TECENTRIQ and AVASTIN, Genentech Inc.) for patients with unresectable or metastatic hepatocellular carcinoma who have not received prior systemic therapy. ","https://www.fda.gov/drugs/resources-information-approved-drugs/fda-approves-atezolizumab-plus-bevacizumab-unresectable-hepatocellular-carcinoma","5/29/2020"
"290","FDA approves nivolumab plus ipilimumab and chemotherapy for first-line treatment of metastatic NSCLC","Food and Drug Administration approved the combination of nivolumab (OPDIVO, Bristol-Myers Squibb Co.) plus ipilimumab (YERVOY, Bristol-Myers Squibb Co.) and 2 cycles of platinum-doublet chemotherapy as first-line treatment for patients with metastatic or recurrent non-small cell lung cancer (NSCLC), with no epidermal growth factor receptor (EGFR) or anaplastic lymphoma kinase (ALK) genomic tumor aberrations. ","https://www.fda.gov/drugs/resources-information-approved-drugs/fda-approves-nivolumab-plus-ipilimumab-and-chemotherapy-first-line-treatment-metastatic-nsclc","5/26/2020"
"291","FDA approves brigatinib for ALK-positive metastatic NSCLC","Food and Drug Administration approved brigatinib (ALUNBRIG, ARIAD Pharmaceuticals Inc.) for adult patients with anaplastic lymphoma kinase (ALK)-positive metastatic non-small cell lung cancer (NSCLC) as detected by an FDA-approved test. ","https://www.fda.gov/drugs/resources-information-approved-drugs/fda-approves-brigatinib-alk-positive-metastatic-nsclc","5/22/2020"
"292","FDA approves olaparib for HRR gene-mutated metastatic castration-resistant prostate cancer","Food and Drug Administration approved olaparib (LYNPARZA, AstraZeneca Pharmaceuticals, LP) for adult patients with deleterious or suspected deleterious germline or somatic homologous recombination repair (HRR) gene-mutated metastatic castration-resistant prostate cancer (mCRPC), who have progressed following prior treatment with enzalutamide or abiraterone. ","https://www.fda.gov/drugs/resources-information-approved-drugs/fda-approves-olaparib-hrr-gene-mutated-metastatic-castration-resistant-prostate-cancer","5/19/2020"
"293","FDA approves atezolizumab for first-line treatment of metastatic NSCLC with high PD-L1 expression","Food and Drug Administration approved atezolizumab (TECENTRIQ®, Genentech Inc.) for the first-line treatment of adult patients with metastatic non-small cell lung cancer (NSCLC) whose tumors have high PD-L1 expression (PD-L1 stained ≥ 50% of tumor cells [TC ≥ 50%] or PD-L1 stained tumor-infiltrating immune cells [IC] covering ≥ 10% of the tumor area [IC ≥ 10%]), with no EGFR or ALK genomic tumor aberrations. May 18, 2020","https://www.fda.gov/drugs/resources-information-approved-drugs/fda-approves-atezolizumab-first-line-treatment-metastatic-nsclc-high-pd-l1-expression","5/18/2020"
"294","FDA approves ripretinib for advanced gastrointestinal stromal tumor","Food and Drug Administration approved ripretinib (QINLOCK, Deciphera Pharmaceuticals, LLC.), for adult patients with advanced gastrointestinal stromal tumor (GIST) who have received prior treatment with 3 or more kinase inhibitors, including imatinib. ","https://www.fda.gov/drugs/resources-information-approved-drugs/fda-approves-ripretinib-advanced-gastrointestinal-stromal-tumor","5/15/2020"
"295","FDA grants accelerated approval to rucaparib for BRCA-mutated metastatic castration-resistant prostate cancer","Food and Drug Administration granted accelerated approval to rucaparib (RUBRACA, Clovis Oncology, Inc.) for patients with deleterious BRCA mutation (germline and/or somatic)-associated metastatic castration-resistant prostate cancer (mCRPC) who have been treated with androgen receptor-directed therapy and a taxane-based chemotherapy. ","https://www.fda.gov/drugs/resources-information-approved-drugs/fda-grants-accelerated-approval-rucaparib-brca-mutated-metastatic-castration-resistant-prostate","5/15/2020"
"296","FDA approves nivolumab plus ipilimumab for first-line mNSCLC (PD-L1 tumor expression ≥1%)","Food and Drug Administration approved the combination of nivolumab (OPDIVO, Bristol-Myers Squibb Co.) plus ipilimumab (YERVOY, Bristol-Myers Squibb Co.) as first-line treatment for patients with metastatic non-small cell lung cancer whose tumors express PD-L1(≥1%), as determined by an FDA-approved test, with no epidermal growth factor receptor (EGFR) or anaplastic lymphoma kinase (ALK) genomic tumor aberrations. ","https://www.fda.gov/drugs/resources-information-approved-drugs/fda-approves-nivolumab-plus-ipilimumab-first-line-mnsclc-pd-l1-tumor-expression-1","5/15/2020"
"297","FDA grants accelerated approval to pomalidomide for Kaposi sarcoma","Food and Drug Administration expanded the indication of pomalidomide (POMALYST, Celgene Corporation) to include treating adult patients with AIDS-related Kaposi sarcoma after failure of highly active antiretroviral therapy and Kaposi sarcoma in adult patients who are HIV-negative. ","https://www.fda.gov/drugs/resources-information-approved-drugs/fda-grants-accelerated-approval-pomalidomide-kaposi-sarcoma","5/14/2020"
"298","FDA approves olaparib plus bevacizumab as maintenance treatment for ovarian, fallopian tube, or primary peritoneal cancers","Food and Drug Administration expanded the indication of olaparib (LYNPARZA®, AstraZeneca Pharmaceuticals, LP) to include its combination with bevacizumab for first-line maintenance treatment of adult patients with advanced epithelial ovarian, fallopian tube, or primary peritoneal cancer who are in complete or partial response to first-line platinum-based chemotherapy and whose cancer is associated with homologous recombination deficiency positive status defined by either a deleterious or suspected deleterious BRCA mutation, and/or genomic instability. ","https://www.fda.gov/drugs/resources-information-approved-drugs/fda-approves-olaparib-plus-bevacizumab-maintenance-treatment-ovarian-fallopian-tube-or-primary","5/8/2020"
"299","FDA approves selpercatinib for lung and thyroid cancers with RET gene mutations or fusions","Food and Drug Administration granted accelerated approval to selpercatinib (RETEVMO, Eli Lilly and Company) for the following indications: Adult patients with metastatic RET fusion-positive non-small cell lung cancer (NSCLC); Adult and pediatric patients ≥12 years of age with advanced or metastatic RET-mutant medullary thyroid cancer (MTC) who require systemic therapy; Adult and pediatric patients ≥12 years of age with advanced or metastatic RET fusion-positive thyroid cancer who require systemic therapy and who are radioactive iodine-refractory (if radioactive iodine is appropriate). ","https://www.fda.gov/drugs/resources-information-approved-drugs/fda-approves-selpercatinib-lung-and-thyroid-cancers-ret-gene-mutations-or-fusions","5/8/2020"
"300","FDA grants accelerated approval to capmatinib for metastatic non-small cell lung cancer","Food and Drug Administration granted accelerated approval to capmatinib (TABRECTA, Novartis) for adult patients with metastatic non-small cell lung cancer (NSCLC) whose tumors have a mutation that leads to mesenchymal-epithelial transition (MET) exon 14 skipping as detected by an FDA-approved test. ","https://www.fda.gov/drugs/resources-information-approved-drugs/fda-grants-accelerated-approval-capmatinib-metastatic-non-small-cell-lung-cancer","5/6/2020"
"301","FDA approves daratumumab and hyaluronidase-fihj for multiple myeloma","Food and Drug Administration approved daratumumab and hyaluronidase-fihj (DARZALEX FASPRO, Janssen Biotech, Inc.) for adult patients with newly diagnosed or relapsed/refractory multiple myeloma. This new product allows for subcutaneous dosing of daratumumab. May 1, 2020","https://www.fda.gov/drugs/resources-information-approved-drugs/fda-approves-daratumumab-and-hyaluronidase-fihj-multiple-myeloma","5/1/2020"
"302","FDA approves niraparib for first-line maintenance of advanced ovarian cancer","Food and Drug Administration approved niraparib (ZEJULA, GlaxoSmithKline) for the maintenance treatment of adult patients with advanced epithelial ovarian, fallopian tube, or primary peritoneal cancer who are in a complete or partial response to first-line platinum-based chemotherapy. ","https://www.fda.gov/drugs/resources-information-approved-drugs/fda-approves-niraparib-first-line-maintenance-advanced-ovarian-cancer","4/29/2020"
"303","FDA approves new dosing regimen for pembrolizumab","Food and Drug Administration granted accelerated approval to a new dosing regimen of 400 mg every six weeks for pembrolizumab (KEYTRUDA, Merck) across all currently approved adult indications, in addition to the current 200 mg every three weeks dosing regimen. ","https://www.fda.gov/drugs/resources-information-approved-drugs/fda-approves-new-dosing-regimen-pembrolizumab","4/28/2020"
"304","FDA grants accelerated approval to sacituzumab govitecan-hziy for metastatic triple negative breast cancer","Food and Drug Administration granted accelerated approval to sacituzumab govitecan-hziy (TRODELVY, Immunomedics, Inc.) for adult patients with metastatic triple-negative breast cancer who received at least two prior therapies for metastatic disease. ","https://www.fda.gov/drugs/resources-information-approved-drugs/fda-grants-accelerated-approval-sacituzumab-govitecan-hziy-metastatic-triple-negative-breast-cancer","4/22/2020"
"305","FDA approves ibrutinib plus rituximab for chronic lymphocytic leukemia","Food and Drug Administration expanded the indication of ibrutinib (IMBRUVICA, Pharmacyclics LLC) to include its combination with rituximab for the initial treatment of adult patients with chronic lymphocytic leukemia (CLL) or small lymphocytic lymphoma (SLL). ","https://www.fda.gov/drugs/resources-information-approved-drugs/fda-approves-ibrutinib-plus-rituximab-chronic-lymphocytic-leukemia","4/21/2020"
"306","FDA grants accelerated approval to pemigatinib for cholangiocarcinoma with an FGFR2 rearrangement or fusion","Food and Drug Administration granted accelerated approval to pemigatinib (PEMAZYRE, Incyte Corporation) for the treatment of adults with previously treated, unresectable locally advanced or metastatic cholangiocarcinoma with a fibroblast growth factor receptor 2 (FGFR2) fusion or other rearrangement as detected by an FDA-approved test. ","https://www.fda.gov/drugs/resources-information-approved-drugs/fda-grants-accelerated-approval-pemigatinib-cholangiocarcinoma-fgfr2-rearrangement-or-fusion","4/20/2020"
"307","FDA approves tucatinib for patients with HER2-positive metastatic breast cancer","Food and Drug Administration approved tucatinib (TUKYSA, Seattle Genetics, Inc.) in combination with trastuzumab and capecitabine, for adult patients with advanced unresectable or metastatic HER2-positive breast cancer, including patients with brain metastases, who have received one or more prior anti-HER2-based regimens in the metastatic setting. ","https://www.fda.gov/drugs/resources-information-approved-drugs/fda-approves-tucatinib-patients-her2-positive-metastatic-breast-cancer","4/17/2020"
"308","FDA approves mitomycin for low-grade upper tract urothelial cancer","Food and Drug Administration approved mitomycin (JELMYTO™, UroGen Pharma) for adult patients with low-grade upper tract urothelial cancer (LG-UTUC). ","https://www.fda.gov/drugs/resources-information-approved-drugs/fda-approves-mitomycin-low-grade-upper-tract-urothelial-cancer","4/15/2020"
"309","FDA approves selumetinib for neurofibromatosis type 1 with symptomatic, inoperable plexiform neurofibromas","Food and Drug Administration approved selumetinib (KOSELUGO, AstraZeneca) for pediatric patients, 2 years of age and older, with neurofibromatosis type 1 (NF1) who have symptomatic, inoperable plexiform neurofibromas (PN). ","https://www.fda.gov/drugs/resources-information-approved-drugs/fda-approves-selumetinib-neurofibromatosis-type-1-symptomatic-inoperable-plexiform-neurofibromas","4/10/2020"
"310","FDA approves encorafenib in combination with cetuximab for metastatic colorectal cancer with a BRAF V600E mutation","Food and Drug Administration approved encorafenib (BRAFTOVI, Array BioPharma Inc.) in combination with cetuximab for the treatment of adult patients with metastatic colorectal cancer (CRC) with a BRAF V600E mutation, detected by an FDA-approved test, after prior therapy. ","https://www.fda.gov/drugs/resources-information-approved-drugs/fda-approves-encorafenib-combination-cetuximab-metastatic-colorectal-cancer-braf-v600e-mutation","4/8/2020"
"311","FDA approves luspatercept-aamt for anemia in adults with MDS","Food and Drug Administration approved luspatercept-aamt (REBLOZYL, Celgene Corporation) for the treatment of anemia failing an erythropoiesis stimulating agent and requiring 2 or more red blood cell (RBC) units over 8 weeks in adult patients with very low- to intermediate-risk myelodysplastic syndromes with ring sideroblasts (MDS-RS) or with myelodysplastic/myeloproliferative neoplasm with ring sideroblasts and thrombocytosis (MDS/MPN-RS-T). ","https://www.fda.gov/drugs/resources-information-approved-drugs/fda-approves-luspatercept-aamt-anemia-adults-mds","4/3/2020"
"312","FDA approves durvalumab for extensive-stage small cell lung cancer","Food and Drug Administration approved durvalumab (IMFINZI, AstraZeneca) in combination with etoposide and either carboplatin or cisplatin as first-line treatment of patients with extensive-stage small cell lung cancer (ES-SCLC). ","https://www.fda.gov/drugs/resources-information-approved-drugs/fda-approves-durvalumab-extensive-stage-small-cell-lung-cancer","3/30/2020"
"313","FDA grants accelerated approval to nivolumab and ipilimumab combination for hepatocellular carcinoma","Food and Drug Administration granted accelerated approval to the combination of nivolumab and ipilimumab (OPDIVO and YERVOY, Bristol-Myers Squibb Co.) for patients with hepatocellular carcinoma (HCC) who have been previously treated with sorafenib. ","https://www.fda.gov/drugs/resources-information-approved-drugs/fda-grants-accelerated-approval-nivolumab-and-ipilimumab-combination-hepatocellular-carcinoma","3/10/2020"
"314","FDA approves isatuximab-irfc for multiple myeloma","Food and Drug Administration approved isatuximab-irfc (SARCLISA, sanofi-aventis U.S. LLC) in combination with pomalidomide and dexamethasone for adult patients with multiple myeloma who have received at least two prior therapies including lenalidomide and a proteasome inhibitor. ","https://www.fda.gov/drugs/resources-information-approved-drugs/fda-approves-isatuximab-irfc-multiple-myeloma-0","3/2/2020"
"315","FDA approves neratinib for metastatic HER2-positive breast cancer","Food and Drug Administration approved neratinib (NERLYNX, Puma Biotechnology, Inc.) in combination with capecitabine for adult patients with advanced or metastatic HER2-positive breast cancer who have received two or more prior anti-HER2 based regimens in the metastatic setting. ","https://www.fda.gov/drugs/resources-information-approved-drugs/fda-approves-neratinib-metastatic-her2-positive-breast-cancer","2/25/2020"
"316","FDA approves tazemetostat for advanced epithelioid sarcoma","Food and Drug Administration granted accelerated approval to tazemetostat (TAZVERIK, Epizyme, Inc.) for adults and pediatric patients aged 16 years and older with metastatic or locally advanced epithelioid sarcoma not eligible for complete resection. ","https://www.fda.gov/drugs/resources-information-approved-drugs/fda-approves-tazemetostat-advanced-epithelioid-sarcoma","1/23/2020"
"317","FDA approves avapritinib for gastrointestinal stromal tumor with a rare mutation","Food and Drug Administration approved avapritinib (AYVAKIT, Blueprint Medicines Corporation) for adults with unresectable or metastatic gastrointestinal stromal tumor (GIST) harboring a platelet-derived growth factor receptor alpha (PDGFRA) exon 18 mutation, including D842V mutations. ","https://www.fda.gov/drugs/resources-information-approved-drugs/fda-approves-avapritinib-gastrointestinal-stromal-tumor-rare-mutation","1/9/2020"
"318","FDA approves pembrolizumab for BCG-unresponsive, high-risk non-muscle invasive bladder cancer","Food and Drug Administration approved pembrolizumab (KEYTRUDA, Merck & Co. Inc.) for the treatment of patients with Bacillus Calmette-Guerin (BCG)-unresponsive, high-risk, non-muscle invasive bladder cancer (NMIBC) with carcinoma in situ (CIS) with or without papillary tumors who are ineligible for or have elected not to undergo cystectomy. ","https://www.fda.gov/drugs/resources-information-approved-drugs/fda-approves-pembrolizumab-bcg-unresponsive-high-risk-non-muscle-invasive-bladder-cancer","1/8/2020"
