"","description","url"
"1","Food and Drug Administration approved osimertinib (TAGRISSO, AstraZeneca Pharmaceuticals LP) for adjuvant therapy after tumor resection in patients with non-small cell lung cancer (NSCLC) whose tumors have epidermal growth factor receptor (EGFR) exon 19 deletions or exon 21 L858R mutations, as detected by an FDA-approved test. More information. December 18, 2020","https://wayback.archive-it.org/7993/20201219232235/https%3A//www.fda.gov/drugs/drug-approvals-and-databases/fda-approves-osimertinib-adjuvant-therapy-non-small-cell-lung-cancer-egfr-mutations"
"2","Food and Drug Administration approved the first oral gonadotropin-releasing hormone (GnRH) receptor antagonist, relugolix, (ORGOVYX, Myovant Sciences, Inc.) for adult patients with advanced prostate cancer. More information. December 18, 2020","https://wayback.archive-it.org/7993/20201219232235/https%3A//www.fda.gov/drugs/drug-approvals-and-databases/fda-approves-relugolix-advanced-prostate-cancer"
"3","Food and Drug Administration approved selinexor (XPOVIO, Karyopharm Therapeutics Inc.) in combination with bortezomib and dexamethasone for the treatment of adult patients with multiple myeloma who have received at least one prior therapy. More information. December 18, 2020","https://wayback.archive-it.org/7993/20201219232235/https%3A//www.fda.gov/drugs/drug-approvals-and-databases/fda-approves-selinexor-refractory-or-relapsed-multiple-myeloma"
"4","Food and Drug Administration approved margetuximab-cmkb (MARGENZA, MacroGenics) in combination with chemotherapy, for the treatment of adult patients with metastatic HER2-positive breast cancer who have received two or more prior anti-HER2 regimens, at least one of which was for metastatic disease. More information. December 16, 2020","https://wayback.archive-it.org/7993/20201219232235/https%3A//www.fda.gov/drugs/drug-approvals-and-databases/fda-approves-margetuximab-metastatic-her2-positive-breast-cancer"
"5","Food and Drug Administration approved pralsetinib (GAVRETO, Blueprint Medicines Corporation) for adult and pediatric patients 12 years of age and older with advanced or metastatic RET-mutant medullary thyroid cancer (MTC) who require systemic therapy or RET fusion-positive thyroid cancer who require systemic therapy and who are radioactive iodine-refractory (if radioactive iodine is appropriate). More Information. December 1, 2020","https://wayback.archive-it.org/7993/20201219232235/https%3A//www.fda.gov/drugs/drug-approvals-and-databases/fda-approves-pralsetinib-ret-altered-thyroid-cancers"
"6","Food and Drug Administration approved the Sonalleve MR-HIFU system (Profound Medical Inc.) for the treatment of osteoid osteoma in the extremities. More Information. November 27, 2020","https://wayback.archive-it.org/7993/20201219232235/https%3A//www.fda.gov/drugs/drug-approvals-and-databases/fda-approves-device-treatment-osteoid-osteoma-extremities"
"7","Food and Drug Administration granted accelerated approval to naxitamab (DANYELZA, Y-mAbs Therapeutics, Inc.) in combination with granulocyte-macrophage colony-stimulating factor (GM-CSF) for pediatric patients one year of age and older and adult patients with relapsed or refractory high-risk neuroblastoma in the bone or bone marrow demonstrating a partial response, minor response, or stable disease to prior therapy. More Information. November 25, 2020","https://wayback.archive-it.org/7993/20201219232235/https%3A//www.fda.gov/drugs/drug-approvals-and-databases/fda-grants-accelerated-approval-naxitamab-high-risk-neuroblastoma-bone-or-bone-marrow"
"8","Food and Drug Administration granted accelerated approval to pembrolizumab (KEYTRUDA, Merck & Co.) in combination with chemotherapy for the treatment of patients with locally recurrent unresectable or metastatic triple-negative breast cancer (TNBC) whose tumors express PD-L1 (CPS ≥10) as determined by an FDA approved test. More Information. November 13, 2020","https://wayback.archive-it.org/7993/20201219232235/https%3A//www.fda.gov/drugs/drug-approvals-and-databases/fda-grants-accelerated-approval-pembrolizumab-locally-recurrent-unresectable-or-metastatic-triple"
"9","Food and Drug Administration approved the liquid biopsy next-generation sequencing-based FoundationOne Liquid CDx test (Foundation Medicine, Inc.) as a companion diagnostic device for multiple additional biomarkers detected in cell free-DNA isolated from plasma specimens. More Information. October 26, 2020 and November 6, 2020. ","https://wayback.archive-it.org/7993/20201219232235/https%3A//www.fda.gov/drugs/fda-approves-liquid-biopsy-ngs-companion-diagnostic-test-multiple-cancers-and-biomarkers"
"10","Food and Drug Administration approved the next-generation sequencing (NGS)-based FoundationOne CDx test (Foundation Medicine, Inc.) as a companion diagnostic to identify fusions in neurotrophic receptor tyrosine kinase (NTRK) genes, NTRK1, NTRK2, and NTRK3, in DNA isolated from tumor tissue specimens from patients with solid tumors eligible for treatment with larotrectinib (VITRAKVI, Bayer Healthcare Pharmaceuticals, Inc.). More Information. October 26, 2020","https://wayback.archive-it.org/7993/20201219232235/https%3A//www.fda.gov/drugs/fda-approves-companion-diagnostic-identify-ntrk-fusions-solid-tumors-vitrakvi"
"11","Food and Drug Administration grants regular approval to venetoclax in combination for untreated acute myeloid leukemia. More Information. October 16, 2020","https://wayback.archive-it.org/7993/20201219232235/https%3A//www.fda.gov/drugs/drug-approvals-and-databases/fda-grants-regular-approval-venetoclax-combination-untreated-acute-myeloid-leukemia"
"12","Food and Drug Administration extended the approval of pembrolizumab (KEYTRUDA®, Merck Sharp & Dohme Corp.) for the following indications:
adult patients with relapsed or refractory classical Hodgkin lymphoma (cHL) and
pediatric patients with refractory cHL, or cHL that has relapsed after 2 or more lines of therapy. More Information. October 14, 2020","https://wayback.archive-it.org/7993/20201219232235/https%3A//www.fda.gov/drugs/drug-approvals-and-databases/fda-extends-approval-pembrolizumab-classical-hodgkin-lymphoma"
"13","pediatric patients with refractory cHL, or cHL that has relapsed after 2 or more lines of therapy. More Information. October 14, 2020","https://wayback.archive-it.org/7993/20201219232235/https%3A//www.fda.gov/drugs/drug-approvals-and-databases/fda-extends-approval-pembrolizumab-classical-hodgkin-lymphoma"
"14","Food and Drug Administration approved the combination of nivolumab (OPDIVO, Bristol-Myers Squibb Co.) plus ipilimumab (YERVOY, Bristol-Myers Squibb Co.) as first-line treatment for adult patients with unresectable malignant pleural mesothelioma. More Information. October 2, 2020","https://wayback.archive-it.org/7993/20201219232235/https%3A//www.fda.gov/drugs/drug-approvals-and-databases/fda-approves-nivolumab-and-ipilimumab-unresectable-malignant-pleural-mesothelioma"
"15","Food and Drug Administration alerted health care professionals and oncology clinical investigators about efficacy and potential safety concerns with atezolizumab in combination with paclitaxel for treatment of breast cancer. More Information. September 8, 2020.","https://wayback.archive-it.org/7993/20201219232235/https%3A//www.fda.gov/drugs/resources-information-approved-drugs/fda-issues-alert-about-efficacy-and-potential-safety-concerns-atezolizumab-combination-paclitaxel"
"16","Food and Drug Administration granted accelerated approval to pralsetinib (GAVRETO, Blueprint Medicines Corporation) for adult patients with metastatic RET fusion-positive non-small cell lung cancer (NSCLC) as detected by an FDA approved test. More information. September 4, 2020.","https://wayback.archive-it.org/7993/20201219232235/https%3A//www.fda.gov/drugs/resources-information-approved-drugs/fda-approves-pralsetinib-lung-cancer-ret-gene-fusions"
"17","Food and Drug Administration approved azacitidine tablets (ONUREG, Celgene Corporation) for continued treatment of patients with acute myeloid leukemia who achieved first complete remission (CR) or complete remission with incomplete blood count recovery (CRi) following intensive induction chemotherapy and are not able to complete intensive curative therapy. More Information. September 1, 2020.","https://wayback.archive-it.org/7993/20201219232235/https%3A//www.fda.gov/drugs/resources-information-approved-drugs/fda-approves-onureg-azacitidine-tablets-acute-myeloid-leukemia"
"18","Food and Drug Administration approved the liquid biopsy next-generation sequencing-based FoundationOne Liquid CDx test (Foundation Medicine, Inc.) as a companion diagnostic to identify mutations in BRCA1 and BRCA2 genes in cell free-DNA isolated from plasma specimens from patients with metastatic castration-resistant prostate cancer (mCRPC) eligible for treatment with rucaparib (RUBRACA, Clovis Oncology, Inc.). More Information. August 26, 2020","https://wayback.archive-it.org/7993/20201219232235/https%3A//www.fda.gov/drugs/drug-approvals-and-databases/fda-approves-liquid-biopsy-next-generation-sequencing-companion-diagnostic-test"
"19","On August 20, 2020, the Food and Drug Administration approved carfilzomib (KYPROLIS, Onyx Pharmaceuticals, Inc.) and daratumumab (DARZALEX, Janssen Biotech, Inc.) in combination with dexamethasone for adult patients with relapsed or refractory multiple myeloma who have received one to three lines of therapy. More Information. August 20, 2020","https://wayback.archive-it.org/7993/20201219232235/https%3A//www.fda.gov/drugs/drug-approvals-and-databases/fda-approves-carfilzomib-and-daratumumab-dexamethasone-multiple-myeloma"
"20","Food and Drug Administration approved belantamab mafodotin-blmf (Blenrep, GlaxoSmithKline) for adult patients with relapsed or refractory multiple myeloma who have received at least 4 prior therapies, including an anti-CD38 monoclonal antibody, a proteasome inhibitor, and an immunomodulatory agent. More Information. August 5, 2020","https://wayback.archive-it.org/7993/20201219232235/https%3A//www.fda.gov/drugs/drug-approvals-and-databases/fda-granted-accelerated-approval-belantamab-mafodotin-blmf-multiple-myeloma"
"21","FDA granted accelerated approval to tafasitamab-cxix (MONJUVI, MorphoSys US Inc.), a CD19-directed cytolytic antibody, indicated in combination with lenalidomide for adult patients with relapsed or refractory diffuse large B-cell lymphoma (DLBCL) not otherwise specified, including DLBCL arising from low grade lymphoma, and who are not eligible for autologous stem cell transplant. More Information. July 31, 2020.","https://wayback.archive-it.org/7993/20201219232235/https%3A//www.fda.gov/drugs/drug-approvals-and-databases/fda-grants-accelerated-approval-tafasitamab-cxix-diffuse-large-b-cell-lymphoma"
"22","Food and Drug Administration approved atezolizumab (Tecentriq, Genentech, Inc.) in combination with cobimetinib and vemurafenib for patients with BRAF V600 mutation-positive unresectable or metastatic melanoma. More Information. July 30, 2020","https://wayback.archive-it.org/7993/20201219232235/https%3A//www.fda.gov/drugs/resources-information-approved-drugs/fda-approves-atezolizumab-braf-v600-unresectable-or-metastatic-melanoma"
"23","Food and Drug Administration granted accelerated approval to brexucabtagene autoleucel (TECARTUS, Kite, a Gilead Company), a CD19-directed genetically modified autologous T cell immunotherapy, for the treatment of adult patients with relapsed or refractory mantle cell lymphoma (MCL). More Information. July 24, 2020","https://wayback.archive-it.org/7993/20201219232235/https%3A//www.fda.gov/drugs/fda-approves-brexucabtagene-autoleucel-relapsed-or-refractory-mantle-cell-lymphoma"
"24","Food and Drug Administration approved an oral combination of decitabine and cedazuridine (INQOVI, Astex Pharmaceuticals, Inc.) for adult patients with myelodysplastic syndromes (MDS) including the following: More Information. July 7, 2020","https://wayback.archive-it.org/7993/20201219232235/https%3A//www.fda.gov/drugs/drug-approvals-and-databases/fda-approves-oral-combination-decitabine-and-cedazuridine-myelodysplastic-syndromes"
"25","Food and Drug Administration approved avelumab (BAVENCIO, EMD Serono, Inc.) for maintenance treatment of patients with locally advanced or metastatic urothelial carcinoma (UC) that has not progressed with first-line platinum-containing chemotherapy. More Information. June 30, 2020","https://wayback.archive-it.org/7993/20201219232235/https%3A//www.fda.gov/drugs/drug-approvals-and-databases/fda-approves-avelumab-urothelial-carcinoma-maintenance-treatment"
"26","Food and Drug Administration approved pembrolizumab (KEYTRUDA, Merck & Co.) for the first-line treatment of patients with unresectable or metastatic microsatellite instability-high (MSI-H) or mismatch repair deficient (dMMR) colorectal cancer. More Information. June 29, 2020","https://wayback.archive-it.org/7993/20201219232235/https%3A//www.fda.gov/drugs/drug-approvals-and-databases/fda-approves-pembrolizumab-first-line-treatment-msi-hdmmr-colorectal-cancer"
"27","Food and Drug Administration approved a new fixed-dose combination of pertuzumab, trastuzumab, and hyaluronidase–zzxf
(PHESGO, Genentech, Inc.) More Information. June 29, 2020.","https://wayback.archive-it.org/7993/20201219232235/https%3A//www.fda.gov/drugs/drug-approvals-and-databases/fda-approves-combination-pertuzumab-trastuzumab-and-hyaluronidase-zzxf-her2-positive-breast-cancer"
"28","Food and Drug Administration approved pembrolizumab (KEYTRUDA, Merck & Co., Inc.) for patients with recurrent or metastatic cutaneous squamous cell carcinoma (cSCC) that is not curable by surgery or radiation More Information. June 24, 2020","https://wayback.archive-it.org/7993/20201219232235/https%3A//www.fda.gov/drugs/drug-approvals-and-databases/fda-approves-pembrolizumab-cutaneous-squamous-cell-carcinoma"
"29","Food and Drug Administration granted accelerated approval to selinexor (XPOVIO, Karyopharm Therapeutics) for adult patients with relapsed or refractory diffuse large B-cell lymphoma (DLBCL), not otherwise specified, including DLBCL arising from follicular lymphoma, after at least 2 lines of systemic therapy. More Information. June 22,2020","https://wayback.archive-it.org/7993/20201219232235/https%3A//www.fda.gov/drugs/resources-information-approved-drugs/fda-approves-selinexor-relapsedrefractory-diffuse-large-b-cell-lymphoma"
"30","Food and Drug Administration granted accelerated approval to tazemetostat (TAZVERIK, Epizyme, Inc.), an EZH2 inhibitor, for adult patients with relapsed or refractory (R/R) follicular lymphoma (FL) whose tumors are positive for an EZH2 mutation as detected by an FDA-approved test and who have received at least 2 prior systemic therapies, and for adult patients with R/R FL who have no satisfactory alternative treatment options. More Information. June 18, 2020","https://wayback.archive-it.org/7993/20201219232235/https%3A//www.fda.gov/drugs/fda-granted-accelerated-approval-tazemetostat-follicular-lymphoma"
"31","Food and Drug Administration granted accelerated approval to pembrolizumab (KEYTRUDA, Merck & Co., Inc.) for the treatment of adult and pediatric patients with unresectable or metastatic tumor mutational burden-high (TMB H) [≥10 mutations/megabase (mut/Mb)] solid tumors, as determined by an FDA-approved test, that have progressed following prior treatment and who have no satisfactory alternative treatment options. More Information. June 16, 2020","https://wayback.archive-it.org/7993/20201219232235/https%3A//www.fda.gov/drugs/drug-approvals-and-databases/fda-approves-pembrolizumab-adults-and-children-tmb-h-solid-tumors"
"32","Food and Drug Administration extended the indication of gemtuzumab ozogamicin (MYLOTARG, Wyeth Pharmaceuticals LLC) for newly-diagnosed CD33-positive acute myeloid leukemia (AML) to include pediatric patients 1 month and older. More Information. June 16, 2020","https://wayback.archive-it.org/7993/20201219232235/https%3A//www.fda.gov/drugs/drug-approvals-and-databases/fda-approves-gemtuzumab-ozogamicin-cd33-positive-aml-pediatric-patients"
"33","Food and Drug Administration granted accelerated approval to lurbinectedin(ZEPZELCA, Pharma Mar S.A.) for adult patients with metastatic small cell lung cancer (SCLC) with disease progression on or after platinum-based chemotherapy. More Information. June 15, 2020","https://wayback.archive-it.org/7993/20201219232235/https%3A//www.fda.gov/drugs/drug-approvals-and-databases/fda-grants-accelerated-approval-lurbinectedin-metastatic-small-cell-lung-cancer"
"34","Food and Drug Administration approved nivolumab (OPDIVO, Bristol-Myers Squibb Co.) for patients with unresectable advanced, recurrent or metastatic esophageal squamous cell carcinoma (ESCC) after prior fluoropyrimidine- and platinum-based chemotherapy. More Information. June 10, 2020","https://wayback.archive-it.org/7993/20201219232235/https%3A//www.fda.gov/drugs/drug-approvals-and-databases/fda-approves-nivolumab-esophageal-squamous-cell-carcinoma"
"35","Food and Drug Administration approved ramucirumab (CYRAMZA, Eli Lilly and Company) in combination with erlotinib for first-line treatment of metastatic non-small cell lung cancer (NSCLC) with epidermal growth factor receptor (EGFR) exon 19 deletions or exon 21 (L858R) mutations. More Information. May 29, 2020","https://wayback.archive-it.org/7993/20201219232235/https%3A//www.fda.gov/drugs/drug-approvals-and-databases/fda-approves-ramucirumab-plus-erlotinib-first-line-metastatic-nsclc"
"36","Food and Drug Administration approved atezolizumab in combination with bevacizumab (TECENTRIQ and AVASTIN, Genentech Inc.) for patients with unresectable or metastatic hepatocellular carcinoma who have not received prior systemic therapy. More Information. May 29, 2020","https://wayback.archive-it.org/7993/20201219232235/https%3A//www.fda.gov/drugs/drug-approvals-and-databases/fda-approves-atezolizumab-plus-bevacizumab-unresectable-hepatocellular-carcinoma"
"37","Food and Drug Administration approved the combination of nivolumab (OPDIVO, Bristol-Myers Squibb Co.) plus ipilimumab (YERVOY, Bristol-Myers Squibb Co.) and 2 cycles of platinum-doublet chemotherapy as first-line treatment for patients with metastatic or recurrent non-small cell lung cancer (NSCLC), with no epidermal growth factor receptor (EGFR) or anaplastic lymphoma kinase (ALK) genomic tumor aberrations. More Information. May 26, 2020","https://wayback.archive-it.org/7993/20201219232235/https%3A//www.fda.gov/drugs/drug-approvals-and-databases/fda-approves-nivolumab-plus-ipilimumab-and-chemotherapy-first-line-treatment-metastatic-nsclc"
"38","Food and Drug Administration approved brigatinib (ALUNBRIG, ARIAD Pharmaceuticals Inc.) for adult patients with anaplastic lymphoma kinase (ALK)-positive metastatic non-small cell lung cancer (NSCLC) as detected by an FDA-approved test. More Information. May 22, 2020","https://wayback.archive-it.org/7993/20201219232235/https%3A//www.fda.gov/drugs/drug-approvals-and-databases/fda-approves-brigatinib-alk-positive-metastatic-nsclc"
"39","Food and Drug Administration approved olaparib (LYNPARZA, AstraZeneca Pharmaceuticals, LP) for adult patients with deleterious or suspected deleterious germline or somatic homologous recombination repair (HRR) gene-mutated metastatic castration-resistant prostate cancer (mCRPC), who have progressed following prior treatment with enzalutamide or abiraterone. More Information. May 19, 2020","https://wayback.archive-it.org/7993/20201219232235/https%3A//www.fda.gov/drugs/drug-approvals-and-databases/fda-approves-olaparib-hrr-gene-mutated-metastatic-castration-resistant-prostate-cancer"
"40","Food and Drug Administration approved atezolizumab (TECENTRIQ®, Genentech Inc.) for the first-line treatment of adult patients with metastatic non-small cell lung cancer (NSCLC) whose tumors have high PD-L1 expression (PD-L1 stained ≥ 50% of tumor cells [TC ≥ 50%] or PD-L1 stained tumor-infiltrating immune cells [IC] covering ≥ 10% of the tumor area [IC ≥ 10%]), with no EGFR or ALK genomic tumor aberrations. More information. May 18, 2020","https://wayback.archive-it.org/7993/20201219232235/https%3A//www.fda.gov/drugs/resources-information-approved-drugs/fda-approves-atezolizumab-first-line-treatment-metastatic-nsclc-high-pd-l1-expression"
"41","Food and Drug Administration approved ripretinib (QINLOCK, Deciphera Pharmaceuticals, LLC.), for adult patients with advanced gastrointestinal stromal tumor (GIST) who have received prior treatment with 3 or more kinase inhibitors, including imatinib. More Information. May 15, 2020","https://wayback.archive-it.org/7993/20201219232235/https%3A//www.fda.gov/drugs/drug-approvals-and-databases/fda-approves-ripretinib-advanced-gastrointestinal-stromal-tumor"
"42","Food and Drug Administration granted accelerated approval to rucaparib (RUBRACA, Clovis Oncology, Inc.) for patients with deleterious BRCA mutation (germline and/or somatic)-associated metastatic castration-resistant prostate cancer (mCRPC) who have been treated with androgen receptor-directed therapy and a taxane-based chemotherapy. More Information. May 15, 2020","https://wayback.archive-it.org/7993/20201219232235/https%3A//www.fda.gov/drugs/fda-grants-accelerated-approval-rucaparib-brca-mutated-metastatic-castration-resistant-prostate"
"43","Food and Drug Administration approved the combination of nivolumab (OPDIVO, Bristol-Myers Squibb Co.) plus ipilimumab (YERVOY, Bristol-Myers Squibb Co.) as first-line treatment for patients with metastatic non-small cell lung cancer whose tumors express PD-L1(≥1%), as determined by an FDA-approved test, with no epidermal growth factor receptor (EGFR) or anaplastic lymphoma kinase (ALK) genomic tumor aberrations. More Information. May 15, 2020","https://wayback.archive-it.org/7993/20201219232235/https%3A//www.fda.gov/drugs/drug-approvals-and-databases/fda-approves-nivolumab-plus-ipilimumab-first-line-mnsclc-pd-l1-tumor-expression-1"
"44","Food and Drug Administration expanded the indication of pomalidomide (POMALYST, Celgene Corporation) to include treating adult patients with AIDS-related Kaposi sarcoma after failure of highly active antiretroviral therapy and Kaposi sarcoma in adult patients who are HIV-negative. More Information. May 14, 2020","https://wayback.archive-it.org/7993/20201219232235/https%3A//www.fda.gov/drugs/resources-information-approved-drugs/fda-grants-accelerated-approval-pomalidomide-kaposi-sarcoma"
"45","Food and Drug Administration expanded the indication of olaparib (LYNPARZA®, AstraZeneca Pharmaceuticals, LP) to include its combination with bevacizumab for first-line maintenance treatment of adult patients with advanced epithelial ovarian, fallopian tube, or primary peritoneal cancer who are in complete or partial response to first-line platinum-based chemotherapy and whose cancer is associated with homologous recombination deficiency positive status defined by either a deleterious or suspected deleterious BRCA mutation, and/or genomic instability. More Information. May 8, 2020","https://wayback.archive-it.org/7993/20201219232235/https%3A//www.fda.gov/drugs/drug-approvals-and-databases/fda-approves-olaparib-plus-bevacizumab-maintenance-treatment-ovarian-fallopian-tube-or-primary"
"46","Food and Drug Administration granted accelerated approval to selpercatinib (RETEVMO, Eli Lilly and Company) for the following indications:

• Adult patients with metastatic RET fusion-positive non-small cell lung cancer (NSCLC);
• Adult and pediatric patients ≥12 years of age with advanced or metastatic RET-mutant medullary thyroid cancer (MTC) who require systemic therapy;
• Adult and pediatric patients ≥12 years of age with advanced or metastatic RET fusion-positive thyroid cancer who require systemic therapy and who are radioactive iodine-refractory (if radioactive iodine is appropriate). More Information. May 8, 2020","https://wayback.archive-it.org/7993/20201219232235/https%3A//www.fda.gov/drugs/drug-approvals-and-databases/fda-approves-selpercatinib-lung-and-thyroid-cancers-ret-gene-mutations-or-fusions"
"47","Food and Drug Administration granted accelerated approval to capmatinib (TABRECTA, Novartis) for adult patients with metastatic non-small cell lung cancer (NSCLC) whose tumors have a mutation that leads to mesenchymal-epithelial transition (MET) exon 14 skipping as detected by an FDA-approved test. More Information. May 6, 2020","https://wayback.archive-it.org/7993/20201219232235/https%3A//www.fda.gov/drugs/drug-approvals-and-databases/fda-grants-accelerated-approval-capmatinib-metastatic-non-small-cell-lung-cancer"
"48","Food and Drug Administration approved daratumumab and hyaluronidase-fihj (DARZALEX FASPRO, Janssen Biotech, Inc.) for adult patients with newly diagnosed or relapsed/refractory multiple myeloma. This new product allows for subcutaneous dosing of daratumumab. More Information. May 1, 2020","https://wayback.archive-it.org/7993/20201219232235/https%3A//www.fda.gov/drugs/drug-approvals-and-databases/fda-approves-daratumumab-and-hyaluronidase-fihj-multiple-myeloma"
"49","Food and Drug Administration approved niraparib (ZEJULA, GlaxoSmithKline) for the maintenance treatment of adult patients with advanced epithelial ovarian, fallopian tube, or primary peritoneal cancer who are in a complete or partial response to first-line platinum-based chemotherapy. More Information. April 29, 2020","https://wayback.archive-it.org/7993/20201219232235/https%3A//www.fda.gov/drugs/drug-approvals-and-databases/fda-approves-niraparib-first-line-maintenance-advanced-ovarian-cancer"
"50","Food and Drug Administration granted accelerated approval to a new dosing regimen of 400 mg every six weeks for pembrolizumab (KEYTRUDA, Merck) across all currently approved adult indications, in addition to the current 200 mg every three weeks dosing regimen. More Information. April 28, 2020.","https://wayback.archive-it.org/7993/20201219232235/https%3A//www.fda.gov/drugs/drug-approvals-and-databases/fda-approves-new-dosing-regimen-pembrolizumab"
"51","Food and Drug Administration granted accelerated approval to sacituzumab govitecan-hziy (TRODELVY, Immunomedics, Inc.) for adult patients with metastatic triple-negative breast cancer who received at least two prior therapies for metastatic disease. More Information. April 22, 2020 ","https://wayback.archive-it.org/7993/20201219232235/https%3A//www.fda.gov/drugs/drug-approvals-and-databases/fda-grants-accelerated-approval-sacituzumab-govitecan-hziy-metastatic-triple-negative-breast-cancer"
"52","Food and Drug Administration expanded the indication of ibrutinib (IMBRUVICA, Pharmacyclics LLC) to include its combination with rituximab for the initial treatment of adult patients with chronic lymphocytic leukemia (CLL) or small lymphocytic lymphoma (SLL). More Information. April 21, 2020.","https://wayback.archive-it.org/7993/20201219232235/https%3A//www.fda.gov/drugs/drug-approvals-and-databases/fda-approves-ibrutinib-plus-rituximab-chronic-lymphocytic-leukemia"
"53","Food and Drug Administration granted accelerated approval to pemigatinib (PEMAZYRE, Incyte Corporation) for the treatment of adults with previously treated, unresectable locally advanced or metastatic cholangiocarcinoma with a fibroblast growth factor receptor 2 (FGFR2) fusion or other rearrangement as detected by an FDA-approved test. More Information. April 20, 2020","https://wayback.archive-it.org/7993/20201219232235/https%3A//www.fda.gov/drugs/resources-information-approved-drugs/fda-grants-accelerated-approval-pemigatinib-cholangiocarcinoma-fgfr2-rearrangement-or-fusion"
"54","Food and Drug Administration approved tucatinib (TUKYSA, Seattle Genetics, Inc.) in combination with trastuzumab and capecitabine, for adult patients with advanced unresectable or metastatic HER2-positive breast cancer, including patients with brain metastases, who have received one or more prior anti-HER2-based regimens in the metastatic setting. More Information. April 17, 2020","https://wayback.archive-it.org/7993/20201219232235/https%3A//www.fda.gov/drugs/resources-information-approved-drugs/fda-approves-tucatinib-patients-her2-positive-metastatic-breast-cancer"
"55","Food and Drug Administration approved mitomycin (JELMYTO™, UroGen Pharma) for adult patients with low-grade upper tract urothelial cancer (LG-UTUC). More Information. April 15, 2020","https://wayback.archive-it.org/7993/20201219232235/https%3A//www.fda.gov/drugs/resources-information-approved-drugs/fda-approves-mitomycin-low-grade-upper-tract-urothelial-cancer"
"56","Food and Drug Administration approved selumetinib (KOSELUGO, AstraZeneca) for pediatric patients, 2 years of age and older, with neurofibromatosis type 1 (NF1) who have symptomatic, inoperable plexiform neurofibromas (PN). More Information. April 10, 2020","https://wayback.archive-it.org/7993/20201219232235/https%3A//www.fda.gov/drugs/resources-information-approved-drugs/fda-approves-selumetinib-neurofibromatosis-type-1-symptomatic-inoperable-plexiform-neurofibromas"
"57","Food and Drug Administration approved encorafenib (BRAFTOVI, Array BioPharma Inc.) in combination with cetuximab for the treatment of adult patients with metastatic colorectal cancer (CRC) with a BRAF V600E mutation, detected by an FDA-approved test, after prior therapy. More Information. April 8, 2020","https://wayback.archive-it.org/7993/20201219232235/https%3A//www.fda.gov/drugs/resources-information-approved-drugs/fda-approves-encorafenib-combination-cetuximab-metastatic-colorectal-cancer-braf-v600e-mutation"
"58","Food and Drug Administration approved luspatercept-aamt (REBLOZYL, Celgene Corporation) for the treatment of anemia failing an erythropoiesis stimulating agent and requiring 2 or more red blood cell (RBC) units over 8 weeks in adult patients with very low- to intermediate-risk myelodysplastic syndromes with ring sideroblasts (MDS-RS) or with myelodysplastic/myeloproliferative neoplasm with ring sideroblasts and thrombocytosis (MDS/MPN-RS-T). More Information. April 3, 2020","https://wayback.archive-it.org/7993/20201219232235/https%3A//www.fda.gov/drugs/resources-information-approved-drugs/fda-approves-luspatercept-aamt-anemia-adults-mds"
"59","Food and Drug Administration approved durvalumab (IMFINZI, AstraZeneca) in combination with etoposide and either carboplatin or cisplatin as first-line treatment of patients with extensive-stage small cell lung cancer (ES-SCLC). More Information. March 30, 2020","https://wayback.archive-it.org/7993/20201219232235/https%3A//www.fda.gov/drugs/resources-information-approved-drugs/fda-approves-durvalumab-extensive-stage-small-cell-lung-cancer"
"60","Food and Drug Administration granted accelerated approval to the combination of nivolumab and ipilimumab (OPDIVO and YERVOY, Bristol-Myers Squibb Co.) for patients with hepatocellular carcinoma (HCC) who have been previously treated with sorafenib. More Information. March 10, 2020","https://wayback.archive-it.org/7993/20201219232235/https%3A//www.fda.gov/drugs/resources-information-approved-drugs/fda-grants-accelerated-approval-nivolumab-and-ipilimumab-combination-hepatocellular-carcinoma"
"61","Food and Drug Administration approved isatuximab-irfc (SARCLISA, sanofi-aventis U.S. LLC) in combination with pomalidomide and dexamethasone for adult patients with multiple myeloma who have received at least two prior therapies including lenalidomide and a proteasome inhibitor. More Information. March 2, 2020","https://wayback.archive-it.org/7993/20201219232235/https%3A//www.fda.gov/drugs/development-approval-process-drugs/fda-approves-isatuximab-irfc-multiple-myeloma"
"62","Food and Drug Administration approved neratinib (NERLYNX, Puma Biotechnology, Inc.) in combination with capecitabine for adult patients with advanced or metastatic HER2-positive breast cancer who have received two or more prior anti-HER2 based regimens in the metastatic setting. More Information. February 25, 2020","https://wayback.archive-it.org/7993/20201219232235/https%3A//www.fda.gov/drugs/resources-information-approved-drugs/fda-approves-neratinib-metastatic-her2-positive-breast-cancer"
"63","Food and Drug Administration granted accelerated approval to tazemetostat (TAZVERIK, Epizyme, Inc.) for adults and pediatric patients aged 16 years and older with metastatic or locally advanced epithelioid sarcoma not eligible for complete resection. More Information. January 23, 2020","https://wayback.archive-it.org/7993/20201219232235/https%3A//www.fda.gov/drugs/resources-information-approved-drugs/fda-approves-tazemetostat-advanced-epithelioid-sarcoma"
"64","Food and Drug Administration approved avapritinib (AYVAKIT, Blueprint Medicines Corporation) for adults with unresectable or metastatic gastrointestinal stromal tumor (GIST) harboring a platelet-derived growth factor receptor alpha (PDGFRA) exon 18 mutation, including D842V mutations. More Information. January 9, 2020","https://wayback.archive-it.org/7993/20201219232235/https%3A//www.fda.gov/drugs/resources-information-approved-drugs/fda-approves-avapritinib-gastrointestinal-stromal-tumor-rare-mutation"
"65","Food and Drug Administration approved pembrolizumab (KEYTRUDA, Merck & Co. Inc.) for the treatment of patients with Bacillus Calmette-Guerin (BCG)-unresponsive, high-risk, non-muscle invasive bladder cancer (NMIBC) with carcinoma in situ (CIS) with or without papillary tumors who are ineligible for or have elected not to undergo cystectomy. More Information. January 8, 2020","https://wayback.archive-it.org/7993/20201219232235/https%3A//www.fda.gov/drugs/resources-information-approved-drugs/fda-approves-pembrolizumab-bcg-unresponsive-high-risk-non-muscle-invasive-bladder-cancer"
"66","Food and Drug Administration approved olaparib (LYNPARZA, AstraZeneca Pharmaceuticals LP) for the maintenance treatment of adult patients with deleterious or suspected deleterious germline BRCA-mutated (gBRCAm) metastatic pancreatic adenocarcinoma, as detected by an FDA-approved test, whose disease has not progressed on at least 16 weeks of a first-line platinum-based chemotherapy regimen. More Information. December 27, 2019.","https://wayback.archive-it.org/7993/20201219232235/https%3A//www.fda.gov/drugs/resources-information-approved-drugs/fda-approves-olaparib-gbrcam-metastatic-pancreatic-adenocarcinoma"
"67","Food and Drug Administration granted accelerated approval to fam-trastuzumab deruxtecan-nxki (ENHERTU, Daiichi Sankyo) for patients with unresectable or metastatic HER2-positive breast cancer who have received two or more prior anti-HER2-based regimens in the metastatic setting. More Information. December 20, 2019","https://wayback.archive-it.org/7993/20201219232235/https%3A//www.fda.gov/drugs/resources-information-approved-drugs/fda-approves-fam-trastuzumab-deruxtecan-nxki-unresectable-or-metastatic-her2-positive-breast-cancer"
"68","FDA granted accelerated approval to enfortumab vedotin-ejfv (PADCEV, Astellas Pharma US, Inc.) for adult patients with locally advanced or metastatic urothelial cancer who have previously received a programmed death receptor-1 (PD-1) or programmed death-ligand 1 (PD-L1) inhibitor, and a platinum-containing chemotherapy in the neoadjuvant/adjuvant, locally advanced or metastatic setting. More Information. December 18, 2019","https://wayback.archive-it.org/7993/20201219232235/https%3A//www.fda.gov/drugs/resources-information-approved-drugs/fda-grants-accelerated-approval-enfortumab-vedotin-ejfv-metastatic-urothelial-cancer"
"69","FDA approved enzalutamide (XTANDI, Astellas Pharma Inc.) for patients with metastatic castration-sensitive prostate cancer (mCSPC). More Information. December 16, 2019","https://wayback.archive-it.org/7993/20201219232235/https%3A//www.fda.gov/drugs/resources-information-approved-drugs/fda-approves-enzalutamide-metastatic-castration-sensitive-prostate-cancer"
"70","FDA approved approved atezolizumab (TECENTRIQ, Genentech Inc.) in combination with paclitaxel protein-bound and carboplatin for the first-line treatment of adult patients with metastatic non-squamous non-small cell lung cancer (NSCLC) with no EGFR or ALK genomic tumor aberrations. More Information. December 3, 2019","https://wayback.archive-it.org/7993/20201219232235/https%3A//www.fda.gov/drugs/resources-information-approved-drugs/fda-approves-atezolizumab-nab-paclitaxel-and-carboplatin-metastatic-nsclc-without-egfralk"
"71","FDA granted accelerated approval to voxelotor (Oxbryta, Global Blood Therapeutics) for adults and pediatric patients 12 years of age and older with sickle cell disease. More Information. November 25, 2019","https://wayback.archive-it.org/7993/20201219232235/https%3A//www.fda.gov/drugs/resources-information-approved-drugs/fda-approves-voxelotor-sickle-cell-disease"
"72","FDA approved acalabrutinib (CALQUENCE, AstraZeneca) for adults with chronic lymphocytic leukemia (CLL) or small lymphocytic lymphoma (SLL). More Information. November 21, 2019","https://wayback.archive-it.org/7993/20201219232235/https%3A//www.fda.gov/drugs/resources-information-approved-drugs/project-orbis-fda-approves-acalabrutinib-cll-and-sll"
"73","FDA approved givosiran (GIVLAARI, Alnylam Pharmaceuticals, Inc.) for adults with acute hepatic porphyria (AHP). More Information. November 20, 2019","https://wayback.archive-it.org/7993/20201219232235/https%3A//www.fda.gov/drugs/resources-information-approved-drugs/fda-approves-givosiran-acute-hepatic-porphyria"
"74","FDA approved crizanlizumab-tmca (ADAKVEO, Novartis) to reduce the frequency of vaso-occlusive crises (VOCs) in adults and pediatric patients aged 16 years and older with sickle cell disease. More Information. November 15, 2019","https://wayback.archive-it.org/7993/20201219232235/https%3A//www.fda.gov/drugs/resources-information-approved-drugs/fda-approves-crizanlizumab-tmca-sickle-cell-disease"
"75","FDA granted accelerated approval to zanubrutinib (BRUKINSA, BeiGene, Ltd.) for adult patients with mantle cell lymphoma (MCL) who have received at least one prior therapy. More Information. November 14, 2019","https://wayback.archive-it.org/7993/20201219232235/https%3A//www.fda.gov/drugs/resources-information-approved-drugs/fda-grants-accelerated-approval-zanubrutinib-mantle-cell-lymphoma"
"76","FDA approved luspatercept-aamt (REBLOZYL, Celgene Corp.) for treatment of anemia in adult patients with beta thalassemia who require regular red blood cell transfusions. More Information. November 8, 2019","https://wayback.archive-it.org/7993/20201219232235/https%3A//www.fda.gov/drugs/resources-information-approved-drugs/fda-approves-luspatercept-aamt-anemia-patients-beta-thalassemia"
"77","FDA Office of Hematology Oncology Products Reorganizes, Renamed Office of Oncologic Diseases. More Information. November 5, 2019","https://wayback.archive-it.org/7993/20201219232235/https%3A//www.fda.gov/drugs/resources-information-approved-drugs/fda-office-hematology-oncology-products-reorganizes-renamed-office-oncologic-diseases"
"78","FDA approved niraparib (ZEJULA, Tesaro, Inc.) for patients with advanced ovarian, fallopian tube, or primary peritoneal cancer treated with three or more prior chemotherapy regimens and whose cancer is associated with homologous recombination deficiency (HRD)-positive status. HDR is defined by either a deleterious or suspected deleterious BRCA mutation, or genomic instability in patients with disease progression greater than six months after response to the last platinum-based chemotherapy. More Information. October 23, 2019","https://wayback.archive-it.org/7993/20201219232235/https%3A//www.fda.gov/drugs/resources-information-approved-drugs/fda-approves-niraparib-hrd-positive-advanced-ovarian-cancer"
"79","FDA approved daratumumab (DARZALEX, Janssen) for adult patients with multiple myeloma in combination with bortezomib, thalidomide, and dexamethasone in newly diagnosed patients who are eligible for autologous stem cell transplant (ASCT). More Information. September 26, 2019.","https://wayback.archive-it.org/7993/20201219232235/https%3A//www.fda.gov/drugs/resources-information-approved-drugs/fda-approves-daratumumab-transplant-eligible-multiple-myeloma"
"80","FDA approved apalutamide (ERLEADA, Janssen Biotech, Inc) for patients with metastatic castration-sensitive prostate cancer (mCSPC). Apalutamide was initially approved in 2018 for patients with non-metastatic castration-resistant prostate cancer. More Information. September 17, 2019","https://wayback.archive-it.org/7993/20201219232235/https%3A//www.fda.gov/drugs/resources-information-approved-drugs/fda-approves-apalutamide-metastatic-castration-sensitive-prostate-cancer"
"81","FDA granted accelerated approval to the combination of pembrolizumab (KEYTRUDA, Merck) plus lenvatinib (LENVIMA, Eisai) for the treatment of patients with advanced endometrial carcinoma that is not microsatellite instability high (MSI-H) or mismatch repair deficient (dMMR) and who have disease progression following prior systemic therapy but are not candidates for curative surgery or radiation. More Information. September 17, 2019","https://wayback.archive-it.org/7993/20201219232235/https%3A//www.fda.gov/drugs/resources-information-approved-drugs/simultaneous-review-decisions-pembrolizumab-plus-lenvatinib-australia-canada-and-us"
"82","FDA approved fedratinib (INREBIC, Impact Biomedicines, Inc.) for adults with intermediate-2 or high-risk primary or secondary (post-polycythemia vera or post-essential thrombocythemia) myelofibrosis (MF). More Information. August 16, 2019","https://wayback.archive-it.org/7993/20201219232235/https%3A//www.fda.gov/drugs/resources-information-approved-drugs/fda-approves-fedratinib-myelofibrosis"
"83","FDA granted accelerated approval to entrectinib (ROZLYTREK, Genentech Inc.) for adults and pediatric patients 12 years of age and older with solid tumors that have a neurotrophic tyrosine receptor kinase (NTRK) gene fusion without a known acquired resistance mutation, are metastatic or where surgical resection is likely to result in severe morbidity, and have progressed following treatment or have no satisfactory standard therapy. More Information August 15, 2019","https://wayback.archive-it.org/7993/20201219232235/https%3A//www.fda.gov/drugs/resources-information-approved-drugs/fda-approves-entrectinib-ntrk-solid-tumors-and-ros-1-nsclc"
"84","FDA approves pexidartinib for tenosynovial giant cell tumor. More Information. August 2, 2019","https://wayback.archive-it.org/7993/20201219232235/https%3A//www.fda.gov/drugs/resources-information-approved-drugs/fda-approves-pexidartinib-tenosynovial-giant-cell-tumor"
"85","FDA approves pembrolizumab for advanced esophageal squamous cell cancer. More Information. July 30, 2019","https://wayback.archive-it.org/7993/20201219232235/https%3A//www.fda.gov/drugs/resources-information-approved-drugs/fda-approves-pembrolizumab-advanced-esophageal-squamous-cell-cancer"
"86","FDA approved darolutamide (NUBEQA, Bayer HealthCare Pharmaceuticals Inc.) for non-metastatic castration-resistant prostate cancer. More Information. July 30, 2019","https://wayback.archive-it.org/7993/20201219232235/https%3A//www.fda.gov/drugs/resources-information-approved-drugs/fda-approves-darolutamide-non-metastatic-castration-resistant-prostate-cancer"
"87","FDA granted accelerated approval to selinexor (XPOVIO, Karyopharm Therapeutics) in combination with dexamethasone for adult patients with relapsed or refractory multiple myeloma (RRMM) who have received at least four prior therapies and whose disease is refractory to at least two proteasome inhibitors, at least two immunomodulatory agents, and an anti-CD38 monoclonal antibody. More Information. July 3, 2019.","https://wayback.archive-it.org/7993/20201219232235/https%3A//www.fda.gov/drugs/resources-information-approved-drugs/fda-grants-accelerated-approval-selinexor-multiple-myeloma"
"88","FDA approved daratumumab (DARZALEX, Janssen Biotech, Inc.) in combination with lenalidomide and dexamethasone for patients with newly diagnosed multiple myeloma who are ineligible for autologous stem cell transplant. More Information. June 27,2019","https://wayback.archive-it.org/7993/20201219232235/https%3A//www.fda.gov/drugs/resources-information-approved-drugs/fda-approves-daratumumab-multiple-myeloma-ineligible-autologous-stem-cell-transplant"
"89","FDA granted accelerated approval to pembrolizumab (KEYTRUDA, Merck) for patients with metastatic small cell lung cancer (SCLC) with disease progression on or after platinum-based chemotherapy and at least one other prior line of therapy. More Information. June 17, 2019.","https://wayback.archive-it.org/7993/20201219232235/https%3A//www.fda.gov/drugs/resources-information-approved-drugs/fda-approves-pembrolizumab-metastatic-small-cell-lung-cancer"
"90","FDA approved pembrolizumab (KEYTRUDA, Merck) for the first-line treatment of patients with metastatic or unresectable recurrent head and neck squamous cell carcinoma (HNSCC). More Information. June 10, 2019","https://wayback.archive-it.org/7993/20201219232235/https%3A//www.fda.gov/drugs/resources-information-approved-drugs/fda-approves-pembrolizumab-first-line-treatment-head-and-neck-squamous-cell-carcinoma"
"91","FDA granted accelerated approval to polatuzumab vedotin-piiq (POLIVY, Genentech, Inc.), a CD79b-directed antibody-drug conjugate indicated in combination with bendamustine and a rituximab product for adult patients with relapsed or refractory diffuse large B-cell lymphoma (DLBCL), not otherwise specified, after at least two prior therapies. More Information. June 10, 2019","https://wayback.archive-it.org/7993/20201219232235/https%3A//www.fda.gov/drugs/resources-information-approved-drugs/fda-approves-polatuzumab-vedotin-piiq-diffuse-large-b-cell-lymphoma"
"92","FDA approved the addition of overall survival data in labeling for gilteritinib (XOSPATA, Astellas Pharma US, Inc.), indicated for adult patients who have relapsed or refractory acute myeloid leukemia (AML) with a FLT3 mutation as detected by an FDA-approved test. More Information. May 29, 2019","https://wayback.archive-it.org/7993/20201219232235/https%3A//www.fda.gov/drugs/resources-information-approved-drugs/fda-approves-addition-survival-data-gilteritinib-label-refractory-aml-flt3-mutation"
"93","FDA approved lenalidomide (REVLIMID, Celgene Corp.) in combination with a rituximab product for previously treated follicular lymphoma (FL) and previously treated marginal zone lymphoma (MZL). More Information. May 28, 2019","https://wayback.archive-it.org/7993/20201219232235/https%3A//www.fda.gov/drugs/resources-information-approved-drugs/fda-approves-lenalidomide-follicular-and-marginal-zone-lymphoma"
"94","FDA approved alpelisib (PIQRAY, Novartis Pharmaceuticals Corporation) in combination with fulvestrant for postmenopausal women, and men, with hormone receptor (HR)-positive, human epidermal growth factor receptor 2 (HER2)-negative, PIK3CA-mutated, advanced or metastatic breast cancer as detected by an FDA-approved test following progression on or after an endocrine-based regimen. More Information. May 24, 2019","https://wayback.archive-it.org/7993/20201219232235/https%3A//www.fda.gov/drugs/resources-information-approved-drugs/fda-approves-alpelisib-metastatic-breast-cancer"
"95","FDA approved ruxolitinib (JAKAFI, Incyte Corporation) for steroid-refractory acute graft-versus-host disease (GVHD) in adult and pediatric patients 12 years and older. More Information. May 24, 2019","https://wayback.archive-it.org/7993/20201219232235/https%3A//www.fda.gov/drugs/resources-information-approved-drugs/fda-approves-ruxolitinib-acute-graft-versus-host-disease"
"96","FDA approved dalteparin sodium (FRAGMIN, Pfizer, Inc.) to reduce the recurrence of symptomatic venous thromboembolism (VTE) in pediatric patients 1 month of age and older. More Information. May 16, 2019","https://wayback.archive-it.org/7993/20201219232235/https%3A//www.fda.gov/drugs/resources-information-approved-drugs/fda-approves-dalteparin-sodium-vte-pediatric-patients"
"97","FDA approved approved venetoclax (VENCLEXTA, AbbVie Inc. and Genentech Inc.) for adult patients with chronic lymphocytic leukemia (CLL) or small lymphocytic lymphoma (SLL)..More Information. May 15, 2019","https://wayback.archive-it.org/7993/20201219232235/https%3A//www.fda.gov/drugs/resources-information-approved-drugs/fda-approves-venetoclax-cll-and-sll"
"98","FDA approved avelumab (BAVENCIO, EMD Serono, Inc.) in combination with axitinib for first-line treatment of patients with advanced renal cell carcinoma (RCC). More Information. May 14, 2019","https://wayback.archive-it.org/7993/20201219232235/https%3A//www.fda.gov/drugs/resources-information-approved-drugs/fda-approves-avelumab-plus-axitinib-renal-cell-carcinoma"
"99","FDA approved ramucirumab (CYRAMZA, Eli Lilly and Company) as a single agent for hepatocellular carcinoma (HCC) in patients who have an alpha fetoprotein (AFP) of ≥ 400 ng/mL and have been previously treated with sorafenib. More Information. May 10, 2019","https://wayback.archive-it.org/7993/20201219232235/https%3A//www.fda.gov/drugs/resources-information-approved-drugs/fda-approves-ramucirumab-hepatocellular-carcinoma"
"100","FDA approved ado-trastuzumab emtansine (KADCYLA, Genentech, Inc.) for the adjuvant treatment of patients with HER2-positive early breast cancer (EBC) who have residual invasive disease after neoadjuvant taxane and trastuzumab-based treatment. More Information. May 3, 2019","https://wayback.archive-it.org/7993/20201219232235/https%3A//www.fda.gov/drugs/resources-information-approved-drugs/fda-approves-ado-trastuzumab-emtansine-early-breast-cancer"
"101","FDA approved ivosidenib (TIBSOVO, Agios Pharmaceuticals, Inc.) for newly-diagnosed acute myeloid leukemia (AML) with a susceptible IDH1 mutation, as detected by an FDA-approved test, in patients who are at least 75 years old or who have comorbidities that preclude the use of intensive induction chemotherapy. More Information. May 2, 2019","https://wayback.archive-it.org/7993/20201219232235/https%3A//www.fda.gov/drugs/resources-information-approved-drugs/fda-approves-ivosidenib-first-line-treatment-aml-idh1-mutation"
"102","FDA approved pembrolizumab (KEYTRUDA, Merck & Co. Inc.) plus axitinib for the first-line treatment of patients with advanced renal cell carcinoma (RCC).More Information, April 19, 2019","https://wayback.archive-it.org/7993/20201219232235/https%3A//www.fda.gov/drugs/drug-approvals-and-databases/fda-approves-pembrolizumab-plus-axitinib-advanced-renal-cell-carcinoma"
"103","FDA granted accelerated approval to erdafitinib (BALVERSA, Janssen Pharmaceutical Companies) for patients with locally advanced or metastatic urothelial carcinoma, with susceptible FGFR3 or FGFR2 genetic alterations, that has progressed during or following platinum-containing chemotherapy, including within 12 months of neoadjuvant or adjuvant platinum-containing chemotherapy. More Information. April 12, 2019","https://wayback.archive-it.org/7993/20201219232235/https%3A//www.fda.gov/drugs/resources-information-approved-drugs/fda-grants-accelerated-approval-erdafitinib-metastatic-urothelial-carcinoma"
"104","FDA approved pembrolizumab (KEYTRUDA, Merck Inc.) for the first-line treatment of patients with stage III non-small cell lung cancer (NSCLC) who are not candidates for surgical resection or definitive chemoradiation or metastatic NSCLC. Patients’ tumors must have no EGFR or ALK genomic aberrations and express PD-L1 (Tumor Proportion Score [TPS] ≥1%) determined by an FDA-approved test. More Information. April 11, 2019","https://wayback.archive-it.org/7993/20201219232235/https%3A//www.fda.gov/drugs/fda-expands-pembrolizumab-indication-first-line-treatment-nsclc-tps-1"
"105","FDA approved atezolizumab (TECENTRIQ, Genentech Inc.) in combination with carboplatin and etoposide, for the first-line treatment of adult patients with extensive-stage small cell lung cancer (ES-SCLC). More Information. March 18, 2019","https://wayback.archive-it.org/7993/20201219232235/https%3A//www.fda.gov/drugs/drug-approvals-and-databases/fda-approves-atezolizumab-extensive-stage-small-cell-lung-cancer"
"106","FDA approves atezolizumab for PD-L1 positive unresectable locally advanced or metastatic triple-negative breast cancer. More information. March 8, 2019 ","https://wayback.archive-it.org/7993/20201219232235/https%3A//www.fda.gov/drugs/drug-approvals-and-databases/fda-approves-atezolizumab-pd-l1-positive-unresectable-locally-advanced-or-metastatic-triple-negative"
"107","FDA approved trastuzumab and hyaluronidase-oysk injection, for subcutaneous use (Herceptin Hylecta, Genentech Inc.). Herceptin Hylecta is a combination of trastuzumab, a HER2/neu receptor antagonist, and hyaluronidase, an endoglycosidase, for the treatment of HER2 overexpressing breast cancer. More Information. February 28, 2019","https://wayback.archive-it.org/7993/20201219232235/https%3A//www.fda.gov/drugs/drug-approvals-and-databases/fda-approves-new-formulation-herceptin-subcutaneous-use"
"108","FDA approved trifluridine/ tipiracil tablets (LONSURF, Taiho Pharmaceutical Co., Ltd.)—a fixed combination of trifluridine, a nucleoside metabolic inhibitor, and tipiracil, a thymidine phosphorylase inhibitor—for adult patients with metastatic gastric or gastroesophageal junction (GEJ) adenocarcinoma previously treated with at least two prior lines of chemotherapy that included a fluoropyrimidine, a platinum, either a taxane or irinotecan, and if appropriate, HER2/neu-targeted therapy. More Information. February 22, 2019.","https://wayback.archive-it.org/7993/20201219232235/https%3A//www.fda.gov/drugs/drug-approvals-and-databases/fda-approves-lonsurf-recurrent-metastatic-gastric-and-gastroesophageal-junction-adenocarcinoma"
"109","FDA approved pembrolizumab (KEYTRUDA, Merck) for the adjuvant treatment of patients with melanoma with involvement of lymph node(s) following complete resection. More Information. February 15, 2019","https://wayback.archive-it.org/7993/20201219232235/https%3A//www.fda.gov/drugs/drug-approvals-and-databases/fda-approves-pembrolizumab-adjuvant-treatment-melanoma"
"110","FDA approved caplacizumab-yhdp (CABLIVI, Ablynx NV) for adult patients with acquired thrombotic thrombocytopenic purpura (aTTP), in combination with plasma exchange and immunosuppressive therapy. More Information, February 6, 2019.","https://wayback.archive-it.org/7993/20201219232235/https%3A//www.fda.gov/drugs/resources-information-approved-drugs/fda-approved-caplacizumab-yhdp"
"111","FDA approved cabozantinib (CABOMETYX, Exelixis, Inc.) for patients with hepatocellular carcinoma (HCC) who have been previously treated with sorafenib. More Information, January 14, 2019","https://wayback.archive-it.org/7993/20201219232235/https%3A//www.fda.gov/drugs/fda-approves-cabozantinib-hepatocellular-carcinoma"
"112","FDA approved tagraxofusp-erzs (ELZONRIS, Stemline Therapeutics), a CD123-directed cytotoxin, for blastic plasmacytoid dendritic cell neoplasm (BPDCN) in adults and in pediatric patients 2 years and older. More information. December 21, 2019","https://wayback.archive-it.org/7993/20201219232235/https%3A//www.fda.gov/drugs/fda-approves-tagraxofusp-erzs-blastic-plasmacytoid-dendritic-cell-neoplasm"
"113","FDA approved ravulizumab-cwvz (ULTOMIRIS, Alexion Pharmaceuticals, Inc.) for adult patients with paroxysmal nocturnal hemoglobinuria (PNH). More information. December 21, 2018","https://wayback.archive-it.org/7993/20201219232235/https%3A//www.fda.gov/drugs/fda-approves-tagraxofusp-erzs-blastic-plasmacytoid-dendritic-cell-neoplasm"
"114","FDA approved calaspargase pegol-mknl (ASPARLAS, Servier Pharmaceuticals LLC), an asparagine specific enzyme, as a component of a multi-agent chemotherapeutic regimen for acute lymphoblastic leukemia (ALL) in pediatric and young adult patients age 1 month to 21 years. This new product provides for a longer interval between doses compared to other available pegaspargase products. More Information. December 20, 2018","https://wayback.archive-it.org/7993/20201219232235/https%3A//www.fda.gov/drugs/resources-information-approved-drugs/fda-approves-longer-acting-calaspargase-pegol-mknl-all"
"115","FDA approved olaparib (LYNPARZA, AstraZeneca Pharmaceuticals LP) for the maintenance treatment of adult patients with deleterious or suspected deleterious germline or somatic BRCA-mutated (gBRCAm or sBRCAm) advanced epithelial ovarian, fallopian tube or primary peritoneal cancer who are in complete or partial response to first-line platinum-based chemotherapy. More Information. December 19, 2018","https://wayback.archive-it.org/7993/20201219232235/https%3A//www.fda.gov/drugs/fda-approved-olaparib-lynparza-astrazeneca-pharmaceuticals-lp-maintenance-treatment-adult-patients"
"116","FDA granted accelerated approval to pembrolizumab (KEYTRUDA, Merck & Co. Inc.) for adult and pediatric patients with recurrent locally advanced or metastatic Merkel cell carcinoma (MCC). More Information. December 19, 2018","https://wayback.archive-it.org/7993/20201219232235/https%3A//www.fda.gov/drugs/fda-approves-pembrolizumab-merkel-cell-carcinoma"
"117","FDA approved Herzuma (trastuzumab-pkrb, Celltrion Inc.) as a biosimilar to Herceptin (trastuzumab, Genentech Inc.) for patients with HER2-overexpressing breast cancer. More Information. December 14, 2018 ","https://wayback.archive-it.org/7993/20201219232235/https%3A//www.fda.gov/drugs/fda-approves-herzuma-biosimilar-herceptin"
"118","FDA approved romiplostim (NPLATE, Amgen Inc.) for pediatric patients 1 year of age and older with immune thrombocytopenia (ITP) for at least 6 months who have had an insufficient response to corticosteroids, immunoglobulins, or splenectomy. More Information. December 14, 2018","https://wayback.archive-it.org/7993/20201219232235/https%3A//www.fda.gov/drugs/fda-approves-romiplostim-pediatric-patients-immune-thrombocytopenia"
"119","FDA approved atezolizumab (TECENTRIQ, Genentech, Inc.), in combination with bevacizumab, paclitaxel, and carboplatin for the first-line treatment of patients with metastatic non-squamous, non-small cell lung cancer (NSq NSCLC) with no EGFR or ALK genomic tumor aberrations. More Information. December 6, 2018","https://wayback.archive-it.org/7993/20201219232235/https%3A//www.fda.gov/drugs/resources-information-approved-drugs/atezolizumab-tecentriq"
"120","FDA approved gilteritinib (XOSPATA, Astellas Pharma US Inc.) for treatment of adult patients who have relapsed or refractory acute myeloid leukemia (AML) with a FLT3 mutation as detected by an FDA-approved test. More Information. November 28, 2018","https://wayback.archive-it.org/7993/20201219232235/https%3A//www.fda.gov/drugs/fda-approves-gilteritinib-relapsed-or-refractory-acute-myeloid-leukemia-aml-flt3-mutatation"
"121","FDA approved Truxima (rituximab-abbs, Celltrion Inc.) as the first biosimilar to Rituxan (rituximab, Genentech Inc.) for patients with CD20-positive, B-cell non-Hodgkin’s lymphoma (NHL) to be used as a single agent or in combination with chemotherapy. More Information. November 28, 2018","https://wayback.archive-it.org/7993/20201219232235/https%3A//www.fda.gov/drugs/fda-approves-truxima-biosimilar-rituxan-non-hodgkins-lymphoma"
"122","FDA granted accelerated approval to larotrectinib (VITRAKVI, Loxo Oncology Inc. and Bayer) for adult and pediatric patients with solid tumors that have a neurotrophic receptor tyrosine kinase (NTRK) gene fusion without a known acquired resistance mutation, that are either metastatic or where surgical resection is likely to result in severe morbidity, and who have no satisfactory alternative treatments or whose cancer has progressed following treatment. More Information. November 26, 2018","https://wayback.archive-it.org/7993/20201219232235/https%3A//www.fda.gov/drugs/fda-approves-larotrectinib-solid-tumors-ntrk-gene-fusions-0"
"123","FDA granted accelerated approval to venetoclax (VENCLEXTA, AbbVie Inc. and Genentech Inc.) in combination with azacitidine or decitabine or low-dose cytarabine for the treatment of newly-diagnosed acute myeloid leukemia (AML) in adults who are age 75 years or older, or who have comorbidities that preclude use of intensive induction chemotherapy. More Information. November 21, 2018","https://wayback.archive-it.org/7993/20201219232235/https%3A//www.fda.gov/drugs/resources-information-approved-drugs/fda-approves-venetoclax-cll-or-sll-or-without-17-p-deletion-after-one-prior-therapy"
"124","FDA approved glasdegib (DAURISMO, Pfizer Labs) in combination with low-dose cytarabine (LDAC), for newly-diagnosed acute myeloid leukemia (AML) in patients who are 75 years old or older or who have comorbidities that preclude intensive induction chemotherapy. More Information. November 21, 2018","https://wayback.archive-it.org/7993/20201219232235/https%3A//www.fda.gov/drugs/fda-approves-glasdegib-aml-adults-age-75-or-older-or-who-have-comorbidities"
"125","FDA approved emapalumab (GAMIFANT, Novimmune SA), a monoclonal antibody that binds and neutralizes interferon gamma, for adult and pediatric (newborn and older) patients with primary hemophagocytic lymphohistiocytosis (HLH) with refractory, recurrent or progressive disease or intolerance with conventional HLH therapy. More Information November 20, 2018","https://wayback.archive-it.org/7993/20201219232235/https%3A//www.fda.gov/drugs/fda-approves-emapalumab-hemophagocytic-lymphohistiocytosis"
"126","FDA approved brentuximab vedotin (ADCETRIS, Seattle Genetics Inc.) in combination with chemotherapy for previously untreated systemic anaplastic large cell lymphoma or other CD30-expressing peripheral T-cell lymphomas. More information. November 16, 2018 ","https://wayback.archive-it.org/7993/20201219232235/https%3A//www.fda.gov/drugs/fda-approves-brentuximab-vedotin-previously-untreated-salcl-and-cd30-expressing-ptcl"
"127","FDA granted accelerated approval to pembrolizumab (KEYTRUDA, Merck & Co., Inc.) for patients with hepatocellular carcinoma (HCC) who have been previously treated with sorafenib. More Information. November 9, 2018","https://wayback.archive-it.org/7993/20201219232235/https%3A//www.fda.gov/drugs/fda-grants-accelerated-approval-pembrolizumab-hepatocellular-carcinoma"
"128","FDA granted accelerated approval to lorlatinib (LORBRENA, Pfizer, Inc.) for patients with anaplastic lymphoma kinase (ALK)-positive metastatic non-small cell lung cancer (NSCLC) whose disease has progressed on crizotinib and at least one other ALK inhibitor for metastatic disease or whose disease has progressed on alectinib or ceritinib as the first ALK inhibitor therapy for metastatic disease. More Information. November 2, 2018","https://wayback.archive-it.org/7993/20201219232235/https%3A//www.fda.gov/drugs/fda-approves-lorlatinib-second-or-third-line-treatment-alk-positive-metastatic-nsclc"
"129","FDA approved pembrolizumab (KEYTRUDA, Merck & Co. Inc.) in combination with carboplatin and either paclitaxel or nab-paclitaxel as first-line treatment of metastatic squamous non-small cell lung cancer (NSCLC)..More Information. October 30, 2018","https://wayback.archive-it.org/7993/20201219232235/https%3A//www.fda.gov/drugs/fda-approves-pembrolizumab-combination-chemotherapy-first-line-treatment-metastatic-squamous-nsclc"
"130","FDA approved talazoparib (TALZENNA, Pfizer Inc.), a poly (ADP-ribose) polymerase (PARP) inhibitor, for patients with deleterious or suspected deleterious germline BRCA-mutated (gBRCAm), HER2 negative locally advanced or metastatic breast cancer. Patients must be selected for therapy based on an FDA-approved companion diagnostic for talazoparib. More Information. October 16, 2018.","https://wayback.archive-it.org/7993/20201219232235/https%3A//www.fda.gov/drugs/drug-approvals-and-databases/fda-approves-talazoparib-gbrcam-her2-negative-locally-advanced-or-metastatic-breast-cancer"
"131","FDA approved emicizumab-kxwh injection (HEMLIBRA, Genentech, Inc.) for prophylaxis to prevent or reduce the frequency of bleeding episodes in adult and pediatric patients (ages newborn and older) with hemophilia A (congenital factor VIII deficiency) with or without factor VIII (FVIII) inhibitors. More Information. October 4, 2018","https://wayback.archive-it.org/7993/20201219232235/https%3A//www.fda.gov/drugs/drug-approvals-and-databases/fda-approves-emicizumab-kxwh-hemophilia-or-without-factor-viii-inhibitors"
"132","FDA approved cemiplimab-rwlc (LIBTAYO, Regeneron Pharmaceuticals Inc.) for patients with metastatic cutaneous squamous cell carcinoma (CSCC) or locally advanced CSCC who are not candidates for curative surgery or curative radiation. More Information. September 28, 2018.","https://wayback.archive-it.org/7993/20201219232235/https%3A//www.fda.gov/drugs/drug-approvals-and-databases/fda-approves-cemiplimab-rwlc-metastatic-or-locally-advanced-cutaneous-squamous-cell-carcinoma"
"133","FDA approved dacomitinib tablets (VIZIMPRO, Pfizer Pharmaceutical Company) for the first-line treatment of patients with metastatic non-small cell lung cancer (NSCLC) with epidermal growth factor receptor (EGFR) exon 19 deletion or exon 21 L858R substitution mutations as detected by an FDA-approved test. More Information. September 27, 2018 ","https://wayback.archive-it.org/7993/20201219232235/https%3A//www.fda.gov/drugs/drug-approvals-and-databases/fda-approves-dacomitinib-metastatic-non-small-cell-lung-cancer"
"134","FDA granted regular approval to duvelisib (COPIKTRA, Verastem, Inc.) for adult patients with relapsed or refractory chronic lymphocytic leukemia (CLL) or small lymphocytic lymphoma (SLL) after at least two prior therapies. In addition, duvelisib received accelerated approval for adult patients with relapsed or refractory follicular lymphoma (FL) after at least two prior systemic therapies. More Information. September 24, 2018 ","https://wayback.archive-it.org/7993/20201219232235/https%3A//www.fda.gov/drugs/approved-drugs/duvelisib-copiktra-verastem-inc-adult-patients-relapsed-or-refractory-chronic-lymphocytic-leukemia"
"135","FDA approved moxetumomab pasudotox-tdfk (LUMOXITI, AstraZeneca Pharmaceuticals LP), a CD22-directed cytotoxin indicated for adult patients with relapsed or refractory hairy cell leukemia (HCL) who received at least two prior systemic therapies, including treatment with a purine nucleoside analog (PNA). More Information. September 13, 2018","https://wayback.archive-it.org/7993/20201219232235/https%3A//www.fda.gov/drugs/approved-drugs/fda-approves-moxetumomab-pasudotox-tdfk-hairy-cell-leukemia"
"136","FDA approved pembrolizumab (KEYTRUDA, Merck & Co., Inc.) in combination with pemetrexed and platinum as first-line treatment of patients with metastatic, non-squamous non-small cell lung cancer (NSqNSCLC), with no EGFR or ALK genomic tumor aberrations. More Information. August 20, 2018.","https://wayback.archive-it.org/7993/20201219232235/https%3A//www.fda.gov/drugs/approved-drugs/fda-grants-regular-approval-pembrolizumab-combination-chemotherapy-first-line-treatment-metastatic"
"137","FDA updated the prescribing information for Keytruda (pembrolizumab) and Tecentriq (atezolizumab) to require the use of an FDA-approved companion diagnostic test to determine PD-L1 levels in tumor tissue from patients with locally advanced or metastatic urothelial cancer who are cisplatin-ineligible. FDA approved two different companion diagnostic tests, one for use with Keytruda and one for use with Tecentriq, More Information. August 16, 2018.","https://wayback.archive-it.org/7993/20201219232235/https%3A//www.fda.gov/drugs/approved-drugs/fda-updates-prescribing-information-keytruda-and-tecentriq"
"138","FDA granted accelerated approval to nivolumab (Opdivo, Bristol-Myers Squibb Company Inc.) for patients with metastatic small cell lung cancer (SCLC) with progression after platinum-based chemotherapy and at least one other line of therapy. More Information. August 16, 2018","https://wayback.archive-it.org/7993/20201219232235/https%3A//www.fda.gov/drugs/approved-drugs/fda-grants-nivolumab-accelerated-approval-third-line-treatment-metastatic-small-cell-lung-cancer"
"139","FDA approved lenvatinib capsules (Lenvima, Eisai Inc.) for first-line treatment of patients with unresectable hepatocellular carcinoma (HCC). More Information. August 16, 2018","https://wayback.archive-it.org/7993/20201219232235/https%3A//www.fda.gov/drugs/approved-drugs/fda-approves-lenvatinib-unresectable-hepatocellular-carcinoma"
"140","FDA approved mogamulizumab-kpkc (Poteligeo, Kyowa Kirin, Inc.) for adult patients with relapsed or refractory mycosis fungoides (MF) or Sézary syndrome (SS) after at least one prior systemic therapy. More Information. August 8, 2018","https://wayback.archive-it.org/7993/20201219232235/https%3A//www.fda.gov/drugs/approved-drugs/fda-approves-mogamulizumab-kpkc-mycosis-fungoides-or-sezary-syndrome"
"141","FDA approved lusutrombopag (Mulpleta, Shionogi Inc.) for thrombocytopenia in adults with chronic liver disease who are scheduled to undergo a medical or dental procedure. More Information. July 31, 2018.","https://wayback.archive-it.org/7993/20201219232235/https%3A//www.fda.gov/drugs/approved-drugs/fda-approves-lusutrombopag-thrombocytopenia-adults-chronic-liver-disease"
"142","FDA approved iobenguane I 131 (AZEDRA, Progenics Pharmaceuticals, Inc.) for adult and pediatric patients (12 years and older) with iobenguane scan-positive, unresectable, locally advanced or metastatic pheochromocytoma or paraganglioma (PPGL) who require systemic anticancer therapy. More Information. July 30, 2018.","https://wayback.archive-it.org/7993/20201219232235/https%3A//www.fda.gov/drugs/approved-drugs/fda-approves-iobenguane-i-131-rare-adrenal-gland-tumors"
"143","FDA approved ivosidenib (Tibsovo, Agios Pharmaceuticals, Inc.) for adult patients with relapsed or refractory acute myeloid leukemia (AML) with a susceptible IDH1 mutation as detected by an FDA-approved test. More Information. July 20, 2018","https://wayback.archive-it.org/7993/20201219232235/https%3A//www.fda.gov/drugs/approved-drugs/fda-approves-ivosidenib-relapsed-or-refractory-acute-myeloid-leukemia"
"144","FDA expanded the indication for ribociclib (Kisqali, Novartis Pharmaceuticals Corporation) in combination with an aromatase inhibitor for pre/perimenopausal women with HR-positive, HER2-negative advanced or metastatic breast cancer, as initial endocrine-based therapy. More Information. July 18, 2018","https://wayback.archive-it.org/7993/20201219232235/https%3A//www.fda.gov/drugs/approved-drugs/fda-expands-ribociclib-indication-hr-positive-her2-negative-advanced-or-metastatic-breast-cancer"
"145","FDA approved enzalutamide (XTANDI, Astellas Pharma US, Inc.), for patients with castration-resistant prostate cancer (CRPC). More Information. July 13, 2018","https://wayback.archive-it.org/7993/20201219232235/https%3A//www.fda.gov/drugs/approved-drugs/fda-approves-enzalutamide-castration-resistant-prostate-cancer"
"146","FDA granted accelerated approval to ipilimumab (YERVOY, Bristol-Myers Squibb Company Inc.) for use in combination with nivolumab for the treatment of patients 12 years of age and older with microsatellite instability-high (MSI-H) or mismatch repair deficient (dMMR) metastatic colorectal cancer (mCRC) that has progressed following treatment with a fluoropyrimidine, oxaliplatin, and irinotecan. More Information. July 10, 2018","https://wayback.archive-it.org/7993/20201219232235/https%3A//www.fda.gov/drugs/approved-drugs/fda-grants-accelerated-approval-ipilimumab-msi-h-or-dmmr-metastatic-colorectal-cancer"
"147","FDA has limited the use of Tecentriq and Keytruda for patients with locally advanced or metastatic urothelial cancer who are not eligible for cisplatin-containing therapy. More Information. June 19, 2018","https://wayback.archive-it.org/7993/20201219232235/https%3A//www.fda.gov/drugs/approved-drugs/fda-limits-use-tecentriq-and-keytruda-some-urothelial-cancer-patients"
"148","FDA approved encorafenib and binimetinib (BRAFTOVI and MEKTOVI, Array BioPharma Inc.) in combination for patients with unresectable or metastatic melanoma with a BRAF V600E or V600K mutation, as detected by an FDA-approved test. More Information. June 27, 2018","https://wayback.archive-it.org/7993/20201219232235/https%3A//www.fda.gov/drugs/approved-drugs/fda-approves-encorafenib-and-binimetinib-combination-unresectable-or-metastatic-melanoma-braf"
"149","FDA granted accelerated approval to pembrolizumab (Keytruda, Merck) for the treatment of adult and pediatric patients with refractory primary mediastinal large B-cell lymphoma (PMBCL), or who have relapsed after two or more prior lines of therapy. More Information. June 13, 2018","https://wayback.archive-it.org/7993/20201219232235/https%3A//www.fda.gov/drugs/approved-drugs/fda-approves-pembrolizumab-treatment-relapsed-or-refractory-pmbcl"
"150","FDA approved bevacizumab (Avastin, Genentech, Inc.) for patients with epithelial ovarian, fallopian tube, or primary peritoneal cancer in combination with carboplatin and paclitaxel, followed by single-agent bevacizumab, for stage III or IV disease after initial surgical resection. More Information. June 13, 2018","https://wayback.archive-it.org/7993/20201219232235/https%3A//www.fda.gov/drugs/approved-drugs/fda-approves-bevacizumab-combination-chemotherapy-ovarian-cancer"
"151","FDA approved pembrolizumab (Keytruda, Merck and Co. Inc.) for patients with recurrent or metastatic cervical cancer with disease progression on or after chemotherapy whose tumors express PD-L1 (CPS ≥1) as determined by an FDA-approved test. More Information. June 12, 2018","https://wayback.archive-it.org/7993/20201219232235/https%3A//www.fda.gov/drugs/approved-drugs/fda-approves-pembrolizumab-advanced-cervical-cancer-disease-progression-during-or-after-chemotherapy"
"152","FDA granted regular approval to venetoclax (VENCLEXTA, AbbVie Inc. and Genentech Inc.) for patients with chronic lymphocytic leukemia (CLL) or small lymphocytic lymphoma (SLL), with or without 17p deletion, who have received at least one prior therapy. More Information. June 8, 2018","https://wayback.archive-it.org/7993/20201219232235/https%3A//www.fda.gov/drugs/approved-drugs/fda-approves-venetoclax-cll-or-sll-or-without-17-p-deletion-after-one-prior-therapy"
"153","FDA approved methoxy polyethylene glycol-epoetin beta (Mircera, Vifor Pharma Inc.) for the treatment of pediatric patients 5 to 17 years of age on hemodialysis who are converting from another ESA after their hemoglobin level was stabilized with an ESA. More Information. June 7, 2018","https://wayback.archive-it.org/7993/20201219232235/https%3A//www.fda.gov/drugs/approved-drugs/fda-approves-mircera-anemia-associated-chronic-kidney-disease-pediatric-patients-dialysis"
"154","FDA approved Fulphila (pegfilgrastim-jmdb, Mylan GmbH) as a biosimilar to Neulasta (pegfilgrastim, Amgen, Inc.) to decrease the chance of infection as suggested by febrile neutropenia in patients with non-myeloid cancer who are receiving myelosuppressive chemotherapy that has a clinically significant incidence of febrile neutropenia. More Information. June 4, 2018","https://wayback.archive-it.org/7993/20201219232235/https%3A//www.fda.gov/drugs/approved-drugs/fda-approves-first-biosimilar-neulasta-decrease-risk-infection-during-cancer-treatment"
"155","FDA approved avatrombopag (Doptelet, AkaRx Inc.) for thrombocytopenia in adults with chronic liver disease scheduled to undergo a procedure. More Information. May 21, 2018","https://wayback.archive-it.org/7993/20201219232235/https%3A//www.fda.gov/drugs/approved-drugs/fda-approves-avatrombopag-thrombocytopenia-adults-chronic-liver-disease"
"156","FDA approved Retacrit (epoetin alfa-epbx, Hospira Inc., a subsidiary of Pfizer Inc.) as a biosimilar to Epogen/Procrit (epoetin alfa, Amgen Inc.) for the treatment of anemia due to chronic kidney disease (CKD) in patients on dialysis and not on dialysis, use of zidovudine in patients with HIV infection, and the effects of concomitant myelosuppressive chemotherapy. It is also approved for the reduction of allogeneic red blood cell transfusions in patients undergoing elective, noncardiac, nonvascular surgery. More Information. May 15, 2018","https://wayback.archive-it.org/7993/20201219232235/https%3A//www.fda.gov/drugs/approved-drugs/fda-approves-retacrit-biosimilar-epogenprocrit"
"157","FDA approves dabrafenib plus trametinib for anaplastic thyroid cancer with BRAF V600E mutation. More Information. May 4, 2018.","https://wayback.archive-it.org/7993/20201219232235/https%3A//www.fda.gov/drugs/approved-drugs/fda-approves-dabrafenib-plus-trametinib-anaplastic-thyroid-cancer-braf-v600e-mutation"
"158","FDA approved tisagenlecleucel (KYMRIAH, Novartis Pharmaceuticals Corp.) a CD19-directed genetically modified autologous T-cell immunotherapy, for adult patients with relapsed or refractory large B-cell lymphoma after two or more lines of systemic therapy including diffuse large B-cell lymphoma (DLBCL) not otherwise specified, high grade B-cell lymphoma and DLBCL arising from follicular lymphoma. More Information. May 1, 2018.","https://wayback.archive-it.org/7993/20201219232235/https%3A//www.fda.gov/drugs/approved-drugs/fda-approves-tisagenlecleucel-adults-relapsed-or-refractory-large-b-cell-lymphoma"
"159","FDA granted regular approval to dabrafenib (TAFINLAR, Novartis Pharmaceuticals Corp.) and trametinib (MEKINIST, Novartis Pharmaceuticals Corp.) in combination for the adjuvant treatment of patients with melanoma with BRAF V600E or V600K mutations, as detected by an FDA-approved test, and involvement of lymph node(s), following complete resection. More Information. April 30, 2018 ","https://wayback.archive-it.org/7993/20201219232235/https%3A//www.fda.gov/drugs/approved-drugs/fda-approves-dabrafenib-plus-trametinib-adjuvant-treatment-melanoma-braf-v600e-or-v600k-mutations"
"160","FDA approved osimertinib (Tagrisso, AstraZeneca Pharmaceuticals LP) for the first-line treatment of patients with metastatic non-small cell lung cancer (NSCLC) whose tumors have epidermal growth factor receptor (EGFR) exon 19 deletions or exon 21 L858R mutations, as detected by an FDA-approved test. More Information. April 19, 2018","https://wayback.archive-it.org/7993/20201219232235/https%3A//www.fda.gov/drugs/approved-drugs/fda-approves-osimertinib-first-line-treatment-metastatic-nsclc-most-common-egfr-mutations"
"161","FDA approved fostamatinib disodium hexahydrate tablets (TAVALISSE, Rigel Pharmaceuticals, Inc.) for the treatment of thrombocytopenia in adult patients with chronic immune thrombocytopenia (ITP) who have had an insufficient response to a previous treatment. More Information. April 17, 2018","https://wayback.archive-it.org/7993/20201219232235/https%3A//www.fda.gov/drugs/approved-drugs/fda-approves-fostamatinib-tablets-itp"
"162","FDA granted approvals to nivolumab and ipilimumab (Opdivo and Yervoy, Bristol-Myers Squibb Co.) in combination for the treatment of intermediate or poor risk, previously untreated advanced renal cell carcinoma. More Information. April 16, 2018","https://wayback.archive-it.org/7993/20201219232235/https%3A//www.fda.gov/drugs/approved-drugs/fda-approves-nivolumab-plus-ipilimumab-combination-intermediate-or-poor-risk-advanced-renal-cell"
"163","FDA approved everolimus tablets for oral suspension (Afinitor Disperz, Novartis Pharmaceuticals Corp.) for the adjunctive treatment of adult and pediatric patients aged 2 years and older with tuberous sclerosis complex (TSC)-associated partial-onset seizures. Everolimus is also approved for two other manifestations of TSC: TSC-associated subependymal giant cell astrocytoma (SEGA) and TSC-associated renal angiomyolipoma. More Information. April 10, 2018","https://wayback.archive-it.org/7993/20201219232235/https%3A//www.fda.gov/drugs/approved-drugs/fda-approves-everolimus-tuberous-sclerosis-complex-associated-partial-onset-seizures"
"164","FDA approved rucaparib for maintenance treatment of recurrent ovarian, fallopian tube, or primary peritoneal cancer. More Information. April 6, 2018","https://wayback.archive-it.org/7993/20201219232235/https%3A//www.fda.gov/drugs/approved-drugs/fda-approves-rucaparib-maintenance-treatment-recurrent-ovarian-fallopian-tube-or-primary-peritoneal"
"165","FDA granted accelerated approval to blinatumomab (Blincyto, Amgen Inc.) for the treatment of adult and pediatric patients with B-cell precursor acute lymphoblastic leukemia (ALL) in first or second complete remission with minimal residual disease (MRD) greater than or equal to 0.1%. More Information. March 29, 2018","https://wayback.archive-it.org/7993/20201219232235/https%3A//www.fda.gov/drugs/approved-drugs/fda-granted-accelerated-approval-blinatumomab-blincyto-amgen-inc-treatment-adult-and-pediatric"
"166","FDA approved nilotinib (TASIGNA, Novartis Pharmaceuticals Corporation) for pediatric patients 1 year of age or older with newly diagnosed Philadelphia chromosome positive chronic myeloid leukemia in chronic phase (Ph+ CML-CP) or Ph+ CML-CP resistant or intolerant to prior tyrosine-kinase inhibitor (TKI) therapy. More Information. March 22, 2018","https://wayback.archive-it.org/7993/20201219232235/https%3A//www.fda.gov/drugs/approved-drugs/fda-approves-nilotinib-pediatric-patients-newly-diagnosed-or-resistantintolerant-ph-cml-chronic"
"167","FDA approved brentuximab vedotin (Adcetris, Seattle Genetics, Inc.) to treat adult patients with previously untreated stage III or IV classical Hodgkin lymphoma (cHL) in combination with chemotherapy. More Information. March 20, 2018","https://wayback.archive-it.org/7993/20201219232235/https%3A//www.fda.gov/drugs/approved-drugs/brentuximab-vedotin"
"168","FDA approved abemaciclib (VERZENIO, Eli Lilly and Company) in combination with an aromatase inhibitor as initial endocrine-based therapy for postmenopausal women with hormone receptor (HR)-positive, human epidermal growth factor receptor 2 (HER2)-negative advanced or metastatic breast cancer. More Information. February 26, 2018","https://wayback.archive-it.org/7993/20201219232235/https%3A//www.fda.gov/drugs/approved-drugs/fda-approves-abemaciclib-initial-therapy-hr-positive-her2-negative-metastatic-breast-cancer"
"169","FDA approved durvalumab (Imfinzi, AstraZeneca Inc.) for patients with unresectable stage III non-small cell lung cancer (NSCLC) whose disease has not progressed following concurrent platinum-based chemotherapy and radiation therapy. More Information. February 16, 2018","https://wayback.archive-it.org/7993/20201219232235/https%3A//www.fda.gov/drugs/approved-drugs/fda-approves-durvalumab-after-chemoradiation-unresectable-stage-iii-nsclc"
"170","FDA approves apalutamide for non-metastatic castration-resistant prostate cancer. More Information. February 14, 2018 ","https://wayback.archive-it.org/7993/20201219232235/https%3A//www.fda.gov/drugs/approved-drugs/fda-approves-apalutamide-non-metastatic-castration-resistant-prostate-cancer"
"171","FDA approved abiraterone acetate (Zytiga, Janssen Biotech Inc.) tablets in combination with prednisone for metastatic high-risk castration-sensitive prostate cancer (CSPC). More Information. February 7, 2018","https://wayback.archive-it.org/7993/20201219232235/https%3A//www.fda.gov/drugs/approved-drugs/fda-approves-abiraterone-acetate-combination-prednisone-high-risk-metastatic-castration-sensitive"
"172","FDA approved lutetium Lu 177 dotatate (LUTATHERA, Advanced Accelerator Applications USA, Inc.) a radiolabeled somatostatin analog, for the treatment of somatostatin receptor-positive gastroenteropancreatic neuroendocrine tumors (GEP-NETs), including foregut, midgut, and hindgut neuroendocrine tumors in adults. More Information. January 26, 2018","https://wayback.archive-it.org/7993/20201219232235/https%3A//www.fda.gov/drugs/approved-drugs/fda-approves-lutetium-lu-177-dotatate-treatment-gep-nets"
"173","FDA granted approval to afatinib (Gilotrif, Boehringer Ingelheim Pharmaceutical, Inc.) for a broadened indication in first-line treatment of patients with metastatic non-small cell lung cancer (NSCLC) whose tumors have non-resistant epidermal growth factor receptor (EGFR) mutations as detected by an FDA-approved test. More Information. January 12, 2018","https://wayback.archive-it.org/7993/20201219232235/https%3A//www.fda.gov/drugs/approved-drugs/fda-broadens-afatinib-indication-previously-untreated-metastatic-nsclc-other-non-resistant-egfr"
"174","FDA granted regular approval to olaparib tablets (Lynparza, AstraZeneca Pharmaceuticals LP), a poly (ADP-ribose) polymerase (PARP) inhibitor, for the treatment of patients with deleterious or suspected deleterious germline BRCA-mutated (gBRCAm), HER2-negative metastatic breast cancer who have been treated with chemotherapy either in the neoadjuvant, adjuvant, or metastatic setting. More Information. January 12, 2018","https://wayback.archive-it.org/7993/20201219232235/https%3A//www.fda.gov/drugs/approved-drugs/fda-approves-olaparib-germline-brca-mutated-metastatic-breast-cancer"
"175","FDA updated the product label for nilotinib (Tasigna, Novartis Pharmaceuticals Corp.) to include information on nilotinib discontinuation, post-discontinuation monitoring criteria, and guidance for treatment re-initiation in patients taking nilotinib for Philadelphia chromosome positive (Ph+) chronic myeloid leukemia (CML) who have achieved a sustained molecular response (MR 4.5). More Information. December 22, 2017","https://wayback.archive-it.org/7993/20201219232235/https%3A//www.fda.gov/drugs/approved-drugs/nilotinib-label-update-include-treatment-discontinuation-recommendations-cml-sustained-molecular"
"176","FDA granted regular approval to hydroxyurea (Siklos, Addmedica) to reduce the frequency of painful crises and the need for blood transfusions in pediatric patients from 2 years of age and older with sickle cell anemia with recurrent moderate to severe painful crises. More Information. December 21, 2017","https://wayback.archive-it.org/7993/20201219232235/https%3A//www.fda.gov/drugs/approved-drugs/fda-approves-hydroxyurea-treatment-pediatric-patients-sickle-cell-anemia"
"177","FDA granted regular approval to pertuzumab (PERJETA, Genentech, Inc.) for use in combination with trastuzumab and chemotherapy as adjuvant treatment of patients with HER2-positive early breast cancer at high risk of recurrence. More Information. December 20, 2017","https://wayback.archive-it.org/7993/20201219232235/https%3A//www.fda.gov/drugs/approved-drugs/fda-grants-regular-approval-pertuzumab-adjuvant-treatment-her2-positive-breast-cancer"
"178","FDA granted regular approval to the anti-PD1 monoclonal antibody, nivolumab (OPDIVO, Bristol-Myers Squibb Company) for the adjuvant treatment of patients with melanoma with involvement of lymph nodes or in patients with metastatic disease who have undergone complete resection. Nivolumab was previously approved for the treatment of patients with unresectable or metastatic melanoma. More Information. December 20, 2017","https://wayback.archive-it.org/7993/20201219232235/https%3A//www.fda.gov/drugs/approved-drugs/fda-grants-regular-approval-nivolumab-adjuvant-treatment-melanoma"
"179","FDA granted accelerated approval to bosutinib (BOSULIF, Pfizer Inc.) for treatment of patients with newly-diagnosed chronic phase (CP) Philadelphia chromosome positive (Ph+) chronic myelogenous leukemia (CML). More Information. December 19, 2017","https://wayback.archive-it.org/7993/20201219232235/https%3A//www.fda.gov/drugs/approved-drugs/fda-grants-accelerated-approval-bosutinib-treatment-newly-diagnosed-ph-cml"
"180","FDA granted regular approval to cabozantinib (Cabometyx, Exelixis, Inc.) for treatment of patients with advanced renal cell carcinoma (RCC). More Information. December 19, 2017.","https://wayback.archive-it.org/7993/20201219232235/https%3A//www.fda.gov/drugs/approved-drugs/fda-grants-regular-approval-cabometyx-first-line-treatment-advanced-renal-cell-carcinoma"
"181","FDA approved Ogivri (trastuzumab-dkst, Mylan) as a biosimilar to Herceptin (trastuzumab, Genentech, Inc.) for the treatment of patients with HER2-overexpressing breast or metastatic stomach cancer (gastric or gastroesophageal junction adenocarcinoma). More Information. December 1, 2017","https://wayback.archive-it.org/7993/20201219232235/https%3A//www.fda.gov/drugs/approved-drugs/fda-approves-ogivri-biosimilar-herceptin"
"182","FDA granted marketing approval to the FoundationOne CDx (F1CDx, Foundation Medicine, Inc.), a next generation sequencing (NGS) based in vitro diagnostic (IVD) to detect genetic mutations in 324 genes and two genomic signatures in any solid tumor type. More Information. November 30, 2017","https://wayback.archive-it.org/7993/20201219232235/https%3A//www.fda.gov/drugs/approved-drugs/fda-grants-marketing-approval-foundationone-cdx-vitro-diagnostic"
"183","FDA approved sunitinib malate (Sutent, Pfizer Inc.) for the adjuvant treatment of adult patients at high risk of recurrent renal cell carcinoma following nephrectomy. More Information. November 16, 2017","https://wayback.archive-it.org/7993/20201219232235/https%3A//www.fda.gov/drugs/approved-drugs/fda-approves-sunitinib-malate-adjuvant-treatment-renal-cell-carcinoma"
"184","FDA granted regular approval to obinutuzumab (GAZYVA, Genentech, Inc.) in combination with chemotherapy, followed by obinutuzumab monotherapy in patients achieving at least a partial remission, for the treatment of adult patients with previously untreated stage II bulky, III, or IV follicular lymphoma (FL). More Information. November 16, 2017","https://wayback.archive-it.org/7993/20201219232235/https%3A//www.fda.gov/drugs/approved-drugs/fda-approves-obinutuzumab-previously-untreated-follicular-lymphoma"
"185","FDA approved emicizumab-kxwh (HEMLIBRA, Genentech, Inc.) for routine prophylaxis to prevent or reduce the frequency of bleeding episodes in adult and pediatric patients with hemophilia A (congenital factor VIII deficiency) with factor VIII inhibitors. More Information. November 16, 2017","https://wayback.archive-it.org/7993/20201219232235/https%3A//www.fda.gov/drugs/approved-drugs/fda-approves-emicizumab-kxwh-prevention-and-reduction-bleeding-patients-hemophilia-factor-viii"
"186","FDA granted regular approval to dasatinib (SPRYCEL, Bristol-Myers Squibb Co.) for the treatment of pediatric patients with Philadelphia chromosome-positive (Ph+) chronic myeloid leukemia (CML) in the chronic phase. More Information. November 9, 2017","https://wayback.archive-it.org/7993/20201219232235/https%3A//www.fda.gov/drugs/approved-drugs/fda-approves-dasatinib-pediatric-patients-cml"
"187","FDA granted regular approval to brentuximab vedotin (ADCETRIS, Seattle Genetics, Inc.) for the treatment of adult patients with primary cutaneous anaplastic large cell lymphoma (pcALCL) or CD30-expressing mycosis fungoides (MF) who have received prior systemic therapy. More Information. November 9, 2017.","https://wayback.archive-it.org/7993/20201219232235/https%3A//www.fda.gov/drugs/approved-drugs/fda-approves-brentuximab-vedotin-treatment-adult-patients-primary-cutaneous-anaplastic-large-cell"
"188","FDA granted regular approval to alectinib (ALECENSA, Hoffmann-La Roche, Inc./Genentech, Inc.) for treatment of patients with anaplastic lymphoma kinase (ALK)-positive metastatic non-small cell lung cancer (NSCLC), as detected by an FDA-approved test. More Information. November 6, 2017 ","https://wayback.archive-it.org/7993/20201219232235/https%3A//www.fda.gov/drugs/approved-drugs/alectinib-approved-alk-positive-metastatic-non-small-cell-lung-cancer-nsclc"
"189","FDA granted regular approval to vemurafenib (ZELBORAF, Hoffmann-La Roche Inc.) for the treatment of patients with Erdheim-Chester Disease (ECD) with BRAF V600 mutation. More Information. November 6, 2017.","https://wayback.archive-it.org/7993/20201219232235/https%3A//www.fda.gov/drugs/approved-drugs/fda-granted-approval-vemurafenib-erdheim-chester-disease"
"190","FDA granted accelerated approval to acalabrutinib (Calquence, AstraZeneca Pharmaceuticals Inc. under license of Acerta Pharma BV) for treatment of adult patients with mantle cell lymphoma (MCL) who have received at least one prior therapy. More Information. October 31, 2017","https://wayback.archive-it.org/7993/20201219232235/https%3A//www.fda.gov/drugs/approved-drugs/fda-grants-accelerated-approval-acalabrutinib-mantle-cell-lymphoma"
"191","FDA granted regular approval to axicabtagene ciloleucel (YESCARTA, Kite Pharma, Inc.) for the treatment of adult patients with relapsed or refractory large B-cell lymphoma after two or more lines of systemic therapy, including diffuse large B-cell lymphoma (DLBCL) not otherwise specified, primary mediastinal large B-cell lymphoma, high-grade B-cell lymphoma, and DLBCL arising from follicular lymphoma. More Information. October 18, 2017","https://wayback.archive-it.org/7993/20201219232235/https%3A//www.fda.gov/drugs/approved-drugs/fda-approves-axicabtagene-ciloleucel-large-b-cell-lymphoma"
"192","FDA approved abemaciclib (VERZENIO, Eli Lilly and Company) in combination with fulvestrant for women with HR-positive, HER2-negative advanced or metastatic breast cancer with disease progression following endocrine therapy. More Inforrmation. September 28, 2017","https://wayback.archive-it.org/7993/20201219232235/https%3A//www.fda.gov/drugs/approved-drugs/fda-approves-abemaciclib-hr-positive-her2-negative-breast-cancer"
"193","FDA granted accelerated approval to nivolumab (OPDIVO, Bristol-Myers Squibb Co.) for the treatment of hepatocellular carcinoma (HCC) in patients who have been previously treated with sorafenib. More Information. September 22, 2017","https://wayback.archive-it.org/7993/20201219232235/https%3A//www.fda.gov/drugs/approved-drugs/fda-grants-accelerated-approval-nivolumab-hcc-previously-treated-sorafenib"
"194","FDA granted accelerated approval to pembrolizumab (KEYTRUDA, Merck & Co., Inc.) for patients with recurrent locally advanced or metastatic, gastric or gastroesophageal junction adenocarcinoma whose tumors express PD-L1 as determined by an FDA-approved test. More Information. September 22, 2017","https://wayback.archive-it.org/7993/20201219232235/https%3A//www.fda.gov/drugs/approved-drugs/fda-grants-accelerated-approval-pembrolizumab-advanced-gastric-cancer"
"195","FDA approved a lower dose of cabazitaxel (20 mg/m2 every 3 weeks) (JEVTANA, Sanofi-Aventis) in combination with prednisone for the treatment of patients with metastatic castration-resistant prostate cancer previously treated with a docetaxel-containing treatment regimen. Cabazitaxel (25 mg/m2 every 3 weeks) was approved for this indication in 2010. More Information. September 14, 2017","https://wayback.archive-it.org/7993/20201219232235/https%3A//www.fda.gov/drugs/approved-drugs/fda-approves-lower-dose-cabazitaxel-prostate-cancer"
"196","FDA granted accelerated approval to copanlisib (ALIQOPA, Bayer HealthCare Pharmaceuticals Inc.) for the treatment of adult patients with relapsed follicular lymphoma who have received at least two prior systemic therapies. More Information. September 14, 2017","https://wayback.archive-it.org/7993/20201219232235/https%3A//www.fda.gov/drugs/approved-drugs/fda-grants-accelerated-approval-copanlisib-relapsed-follicular-lymphoma"
"197","FDA approved Mvasi (bevacizumab-awwb, Amgen Inc.) as a biosimilar to Avastin (bevacizumab, Genentech Inc.). Mvasi is the first biosimilar approved in the U.S. for the treatment of cancer. More Information. September 14, 2017","https://wayback.archive-it.org/7993/20201219232235/https%3A//www.fda.gov/drugs/approved-drugs/fda-approves-first-biosimilar-cancer-treatment"
"198","FDA approved gemtuzumab ozogamicin (Mylotarg, Pfizer Inc.) for the treatment of newly-diagnosed CD33-positive acute myeloid leukemia (AML) in adults and for treatment of relapsed or refractory CD33-positive AML in adults and in pediatric patients 2 years and older. Gemtuzumab ozogamicin may be used in combination with daunorubicin and cytarabine for adults with newly-diagnosed AML, or as a stand-alone treatment for certain adult and pediatric patients. More Information. September 1, 2017","https://wayback.archive-it.org/7993/20201219232235/https%3A//www.fda.gov/drugs/approved-drugs/fda-approves-gemtuzumab-ozogamicin-cd33-positive-aml"
"199","FDA granted regular approval to tisagenlecleucel (KYMRIAH, Novartis Pharmaceuticals Corp.) for the treatment of patients up to age 25 years with B-cell precursor acute lymphoblastic leukemia (ALL) that is refractory or in second or later relapse. More Information. August 30, 2017","https://wayback.archive-it.org/7993/20201219232235/https%3A//www.fda.gov/drugs/approved-drugs/fda-approves-tisagenlecleucel-b-cell-all-and-tocilizumab-cytokine-release-syndrome"
"200","FDA granted regular approval to olaparib tablets (Lynparza, AstraZeneca) for the maintenance treatment of adult patients with recurrent epithelial ovarian, fallopian tube, or primary peritoneal cancer, who are in a complete or partial response to platinum-based chemotherapy. More Information. August 17, 2017","https://wayback.archive-it.org/7993/20201219232235/https%3A//www.fda.gov/drugs/approved-drugs/fda-approves-olaparib-tablets-maintenance-treatment-ovarian-cancer"
"201","FDA approved inotuzumab ozogamicin (BESPONSA,, Wyeth Pharmaceuticals Inc., a subsidiary of Pfizer Inc.) for the treatment of adults with relapsed or refractory B-cell precursor acute lymphoblastic leukemia (ALL). More Information. August 17, 2017","https://wayback.archive-it.org/7993/20201219232235/https%3A//www.fda.gov/drugs/approved-drugs/fda-approves-inotuzumab-ozogamicin-relapsed-or-refractory-b-cell-precursor-all"
"202","FDA granted regular approval to a liposome-encapsulated combination of daunorubicin and cytarabine (VYXEOS, Jazz Pharmaceuticals, Inc.) for the treatment of adults with newly-diagnosed therapy-related AML (t-AML) or AML with myelodysplasia-related changes (AML-MRC), two types of AML having a poor prognosis. More Information. August 3, 2017","https://wayback.archive-it.org/7993/20201219232235/https%3A//www.fda.gov/drugs/approved-drugs/fda-approves-liposome-encapsulated-combination-daunorubicin-cytarabine-adults-some-types-poor"
"203","FDA approved ibrutinib (Imbruvica, Pharmacyclics LLC) for the treatment of adult patients with chronic graft versus host disease (cGVHD) after failure of one or more lines of systemic therapy. This is the first FDA-approved therapy for the treatment of cGVHD. More Information. August 2, 2017","https://wayback.archive-it.org/7993/20201219232235/https%3A//www.fda.gov/drugs/approved-drugs/fda-expands-ibrutinib-indications-chronic-gvhd"
"204","FDA granted regular approval to enasidenib (IDHIFA, Celgene Corp.) for the treatment of adult patients with relapsed or refractory acute myeloid leukemia with an isocitrate dehydrogenase-2 (IDH2) mutation as detected by an FDA-approved test. More Information. August 1, 2017","https://wayback.archive-it.org/7993/20201219232235/https%3A//www.fda.gov/drugs/approved-drugs/fda-granted-regular-approval-enasidenib-treatment-relapsed-or-refractory-aml"
"205","FDA granted accelerated approval to nivolumab (OPDIVO, Bristol-Myers Squibb Company) for the treatment of patients 12 years and older with mismatch repair deficient (dMMR) and microsatellite instability high (MSI-H) metastatic colorectal cancer that has progressed following treatment with a fluoropyrimidine, oxaliplatin, and irinotecan. More Information. August 1, 2017","https://wayback.archive-it.org/7993/20201219232235/https%3A//www.fda.gov/drugs/approved-drugs/fda-grants-nivolumab-accelerated-approval-msi-h-or-dmmr-colorectal-cancer"
"206","FDA approved neratinib (NERLYNX, Puma Biotechnology, Inc.) for the extended adjuvant treatment of adult patients with early stage HER2-overexpressed/amplified breast cancer, to follow adjuvant trastuzumab-based therapy. More Information. July 17, 2017","https://wayback.archive-it.org/7993/20201219232235/https%3A//www.fda.gov/drugs/approved-drugs/fda-approves-neratinib-extended-adjuvant-treatment-early-stage-her2-positive-breast-cancer"
"207","FDA approved blinatumomab (BLINCYTO, Amgen Inc.) for the treatment of relapsed or refractory B-cell precursor acute lymphoblastic leukemia (ALL) in adults and children. More Information. July 11, 2017","https://wayback.archive-it.org/7993/20201219232235/https%3A//www.fda.gov/drugs/approved-drugs/fda-grants-regular-approval-blinatumomab-and-expands-indication-include-philadelphia-chromosome"
"208","FDA approved L-glutamine oral powder (Endari, Emmaus Medical, Inc.) for oral administration to reduce the acute complications of sickle cell disease in adult and pediatric patients 5 years and older. More Information. July 7, 2012","https://wayback.archive-it.org/7993/20201219232235/https%3A//www.fda.gov/drugs/approved-drugs/fda-approved-l-glutamine-powder-treatment-sickle-cell-disease"
"209","FDA granted marketing approval to the Praxis Extended RAS Panel (Illumina, Inc.), a next generation sequencing (NGS) test to detect certain genetic mutations in RAS genes in tumor samples of patients with metastatic colorectal cancer (mCRC). The test is used to aid in the identification of patients who may be eligible for treatment with panitumumab (VECTIBIX, Amgen, Inc.). More Information. June 29, 2017","https://wayback.archive-it.org/7993/20201219232235/https%3A//www.fda.gov/drugs/approved-drugs/fda-granted-marketing-approval-praxis-extended-ras-panel"
"210","FDA approved betrixaban (BEVYXXA, Portola) for the prophylaxis of venous thromboembolism (VTE) in adult patients hospitalized for an acute medical illness who are at risk for thromboembolic complications due to moderate or severe restricted mobility and other risk factors for VTE. More Information. June 23, 2017","https://wayback.archive-it.org/7993/20201219232235/https%3A//www.fda.gov/drugs/approved-drugs/fda-approved-betrixaban-bevyxxa-portola-prophylaxis-venous-thromboembolism-vte-adult-patients"
"211","FDA granted regular approvals to dabrafenib and trametinib (TAFINLAR and MEKINIST, Novartis Pharmaceuticals Inc.) administered in combination for patients with metastatic non-small cell lung cancer (NSCLC) with BRAF V600E mutation as detected by an FDA-approved test. More Information. June 22, 2017","https://wayback.archive-it.org/7993/20201219232235/https%3A//www.fda.gov/drugs/approved-drugs/fda-grants-regular-approval-dabrafenib-and-trametinib-combination-metastatic-nsclc-braf-v600e"
"212","FDA granted regular approval to the combination of rituximab and hyaluronidase human (RITUXAN HYCELA, Genentech Inc.) for adult patients with follicular lymphoma, diffuse large B-cell lymphoma, and chronic lymphocytic leukemia. More Information. June 22, 2017","https://wayback.archive-it.org/7993/20201219232235/https%3A//www.fda.gov/drugs/approved-drugs/fda-approves-rituximab-plus-hyaluronidase-combination-treatment-fl-dlbcl-and-cll"
"213","FDA approved aminolevulinic acid hydrochloride, known as ALA HCl (Gleolan, NX Development Corp.) as an optical imaging agent indicated in patients with gliomas (suspected World Health Organization Grades III or IV on preoperative imaging) as an adjunct for the visualization of malignant tissue during surgery. More Information. June 6, 2017","https://wayback.archive-it.org/7993/20201219232235/https%3A//www.fda.gov/drugs/approved-drugs/aminolevulinic-acid-hydrochloride-known-ala-hcl-gleolan-nx-development-corp-optical-imaging-agent"
"214","FDA granted regular approval to ceritinib (ZYKADIA, Novartis Pharmaceuticals Corp.) for patients with metastatic non-small cell lung cancer (NSCLC) whose tumors are anaplastic lymphoma kinase (ALK)-positive as detected by an FDA-approved test. More Information. May 26, 2017","https://wayback.archive-it.org/7993/20201219232235/https%3A//www.fda.gov/drugs/approved-drugs/fda-broadens-ceritinib-indication-previously-untreated-alk-positive-metastatic-nsclc"
"215","FDA granted accelerated approval to pembrolizumab (KEYTRUDA, Merck & Co.) for adult and pediatric patients with unresectable or metastatic, microsatellite instability-high (MSI-H) or mismatch repair deficient (dMMR) solid tumors that have progressed following prior treatment and who have no satisfactory alternative treatment options or with MSI-H or dMMR colorectal cancer that has progressed following treatment with a fluoropyrimidine, oxaliplatin, and irinotecan. More Information. May 23, 2017","https://wayback.archive-it.org/7993/20201219232235/https%3A//www.fda.gov/drugs/approved-drugs/fda-grants-accelerated-approval-pembrolizumab-first-tissuesite-agnostic-indication"
"216","FDA granted regular approval to pembrolizumab (KEYTRUDA, Merck and Co., Inc.) for patients with locally advanced or metastatic urothelial carcinoma who have disease progression during or following platinum-containing chemotherapy or within 12 months of neoadjuvant or adjuvant treatment with platinum-containing chemotherapy. More Information. May 18, 2017","https://wayback.archive-it.org/7993/20201219232235/https%3A//www.fda.gov/drugs/approved-drugs/pembrolizumab-keytruda-advanced-or-metastatic-urothelial-carcinoma"
"217","FDA granted accelerated approval to pembrolizumab (KEYTRUDA, Merck and Co., Inc.) in combination with pemetrexed and carboplatin for the treatment of patients with previously untreated metastatic non-squamous non-small cell lung cancer (NSCLC). More Information. May 10, 2017","https://wayback.archive-it.org/7993/20201219232235/https%3A//www.fda.gov/drugs/approved-drugs/pembrolizumab-keytruda-5-10-2017"
"218","FDA granted accelerated approval to avelumab (BAVENCIO, EMD Serono, Inc.) for patients with locally advanced or metastatic urothelial carcinoma whose disease progressed during or following platinum-containing chemotherapy or within 12 months of neoadjuvant or adjuvant platinum-containing chemotherapy. More Information. May 9, 2017","https://wayback.archive-it.org/7993/20201219232235/https%3A//www.fda.gov/drugs/approved-drugs/fda-grants-accelerated-approval-avelumab-urothelial-carcinoma"
"219","FDA granted accelerated approval to durvalumab (IMFINZI, AstraZeneca UK Limited) for the treatment of patients with locally advanced or metastatic urothelial carcinoma who have disease progression during or following platinum-containing chemotherapy or who have disease progression within 12 months of neoadjuvant or adjuvant treatment with platinum-containing chemotherapy. More Info","https://wayback.archive-it.org/7993/20201219232235/https%3A//www.fda.gov/drugs/approved-drugs/durvalumab-imfinzi"
